Test Index,SMILES,Lambda,Method,Initialization,Seed,Raw Score,Connectivity Penalty,Adjusted Score,Partition
674,CC1=C(N)C=NO1,0.01,Greedy-Distance,4,45,0.9976628427816862,0.0,0.9976628427816862,"{0: 0, 1: 1, 2: 1, 3: 1, 4: 1, 5: 1, 6: 1, 7: 0, 8: 3, 9: 0, 10: 1, 11: 1, 12: 2}"
674,CC1=C(N)C=NO1,0.01,Metropolis-Hastings,51,92,0.9978130661477643,0.0,0.9978130661477643,"{0: 1, 1: 1, 2: 1, 3: 1, 4: 1, 5: 1, 6: 1, 7: 1, 8: 2, 9: 1, 10: 0, 11: 1, 12: 3}"
674,CC1=C(N)C=NO1,0.1,Greedy-Distance,4,45,0.9976628427816862,0.0,0.9976628427816862,"{0: 0, 1: 1, 2: 1, 3: 1, 4: 1, 5: 1, 6: 1, 7: 0, 8: 3, 9: 0, 10: 1, 11: 1, 12: 2}"
674,CC1=C(N)C=NO1,0.1,Metropolis-Hastings,45,86,0.9978130661477643,0.0,0.9978130661477643,"{0: 0, 1: 0, 2: 0, 3: 0, 4: 0, 5: 0, 6: 0, 7: 0, 8: 0, 9: 1, 10: 0, 11: 3, 12: 2}"
674,CC1=C(N)C=NO1,0.5,Greedy-Distance,4,45,0.9976628427816862,0.0,0.9976628427816862,"{0: 0, 1: 1, 2: 1, 3: 1, 4: 1, 5: 1, 6: 1, 7: 0, 8: 3, 9: 0, 10: 1, 11: 1, 12: 2}"
674,CC1=C(N)C=NO1,0.5,Metropolis-Hastings,9,50,0.9978130661477643,0.0,0.9978130661477643,"{0: 2, 1: 2, 2: 2, 3: 2, 4: 2, 5: 2, 6: 2, 7: 2, 8: 1, 9: 2, 10: 2, 11: 3, 12: 0}"
674,CC1=C(N)C=NO1,1.0,Greedy-Distance,4,45,0.9976628427816862,0.0,0.9976628427816862,"{0: 0, 1: 1, 2: 1, 3: 1, 4: 1, 5: 1, 6: 1, 7: 0, 8: 3, 9: 0, 10: 1, 11: 1, 12: 2}"
674,CC1=C(N)C=NO1,1.0,Metropolis-Hastings,8,49,0.9978130661477643,0.0,0.9978130661477643,"{0: 3, 1: 3, 2: 3, 3: 3, 4: 3, 5: 3, 6: 3, 7: 0, 8: 3, 9: 3, 10: 1, 11: 3, 12: 2}"
674,CC1=C(N)C=NO1,1.5,Greedy-Distance,4,45,0.9976628427816862,0.0,0.9976628427816862,"{0: 0, 1: 1, 2: 1, 3: 1, 4: 1, 5: 1, 6: 1, 7: 0, 8: 3, 9: 0, 10: 1, 11: 1, 12: 2}"
674,CC1=C(N)C=NO1,1.5,Metropolis-Hastings,55,96,0.9978130661477643,0.0,0.9978130661477643,"{0: 1, 1: 1, 2: 1, 3: 1, 4: 1, 5: 1, 6: 1, 7: 1, 8: 3, 9: 1, 10: 1, 11: 2, 12: 0}"
1113,CCCC1=NC=NN=N1,0.01,Greedy-Distance,56,97,0.9984544194022401,0.0,0.9984544194022401,"{0: 0, 1: 0, 2: 0, 3: 0, 4: 0, 5: 1, 6: 1, 7: 1, 8: 1, 9: 0, 10: 2, 11: 0, 12: 0, 13: 0, 14: 0, 15: 3, 16: 1}"
1113,CCCC1=NC=NN=N1,0.01,Metropolis-Hastings,1,42,0.9985030343322462,0.0,0.9985030343322462,"{0: 0, 1: 0, 2: 0, 3: 0, 4: 1, 5: 1, 6: 0, 7: 0, 8: 0, 9: 0, 10: 0, 11: 3, 12: 0, 13: 0, 14: 0, 15: 2, 16: 1}"
1113,CCCC1=NC=NN=N1,0.1,Greedy-Distance,56,97,0.9984544194022401,0.0,0.9984544194022401,"{0: 0, 1: 0, 2: 0, 3: 0, 4: 0, 5: 1, 6: 1, 7: 1, 8: 1, 9: 0, 10: 2, 11: 0, 12: 0, 13: 0, 14: 0, 15: 3, 16: 1}"
1113,CCCC1=NC=NN=N1,0.1,Metropolis-Hastings,6,47,0.9985030343322462,0.0,0.9985030343322462,"{0: 3, 1: 3, 2: 3, 3: 3, 4: 0, 5: 0, 6: 3, 7: 3, 8: 3, 9: 3, 10: 2, 11: 3, 12: 3, 13: 3, 14: 3, 15: 1, 16: 0}"
1113,CCCC1=NC=NN=N1,0.5,Greedy-Distance,56,97,0.9984544194022401,0.0,0.9984544194022401,"{0: 0, 1: 0, 2: 0, 3: 0, 4: 0, 5: 1, 6: 1, 7: 1, 8: 1, 9: 0, 10: 2, 11: 0, 12: 0, 13: 0, 14: 0, 15: 3, 16: 1}"
1113,CCCC1=NC=NN=N1,0.5,Metropolis-Hastings,1,42,0.9985030343322462,0.0,0.9985030343322462,"{0: 2, 1: 2, 2: 2, 3: 2, 4: 1, 5: 1, 6: 2, 7: 2, 8: 2, 9: 2, 10: 3, 11: 2, 12: 2, 13: 2, 14: 0, 15: 2, 16: 1}"
1113,CCCC1=NC=NN=N1,1.0,Greedy-Distance,56,97,0.9984544194022401,0.0,0.9984544194022401,"{0: 0, 1: 0, 2: 0, 3: 0, 4: 0, 5: 1, 6: 1, 7: 1, 8: 1, 9: 0, 10: 2, 11: 0, 12: 0, 13: 0, 14: 0, 15: 3, 16: 1}"
1113,CCCC1=NC=NN=N1,1.0,Metropolis-Hastings,42,83,0.9985030343322462,0.0,0.9985030343322462,"{0: 2, 1: 2, 2: 2, 3: 2, 4: 3, 5: 3, 6: 2, 7: 2, 8: 2, 9: 2, 10: 1, 11: 2, 12: 2, 13: 2, 14: 0, 15: 2, 16: 3}"
1113,CCCC1=NC=NN=N1,1.5,Greedy-Distance,56,97,0.9984544194022401,0.0,0.9984544194022401,"{0: 0, 1: 0, 2: 0, 3: 0, 4: 0, 5: 1, 6: 1, 7: 1, 8: 1, 9: 0, 10: 2, 11: 0, 12: 0, 13: 0, 14: 0, 15: 3, 16: 1}"
1113,CCCC1=NC=NN=N1,1.5,Metropolis-Hastings,56,97,0.9985030343322462,0.0,0.9985030343322462,"{0: 0, 1: 0, 2: 0, 3: 0, 4: 1, 5: 1, 6: 0, 7: 0, 8: 0, 9: 0, 10: 2, 11: 0, 12: 0, 13: 0, 14: 0, 15: 3, 16: 1}"
3142,CNC(=O)CC1CN1,0.01,Greedy-Distance,23,64,0.9983709170607374,0.0,0.9983709170607374,"{0: 1, 1: 1, 2: 1, 3: 1, 4: 1, 5: 0, 6: 0, 7: 0, 8: 1, 9: 1, 10: 2, 11: 1, 12: 1, 13: 1, 14: 0, 15: 0, 16: 0, 17: 3}"
3142,CNC(=O)CC1CN1,0.01,Metropolis-Hastings,6,47,0.9986911823936776,0.0,0.9986911823936776,"{0: 0, 1: 0, 2: 0, 3: 0, 4: 0, 5: 0, 6: 0, 7: 0, 8: 1, 9: 0, 10: 0, 11: 0, 12: 0, 13: 0, 14: 0, 15: 2, 16: 3, 17: 0}"
3142,CNC(=O)CC1CN1,0.1,Greedy-Distance,44,85,0.9977018599543009,0.0,0.9977018599543009,"{0: 2, 1: 2, 2: 2, 3: 2, 4: 2, 5: 3, 6: 3, 7: 3, 8: 1, 9: 2, 10: 0, 11: 2, 12: 2, 13: 2, 14: 3, 15: 3, 16: 3, 17: 3}"
3142,CNC(=O)CC1CN1,0.1,Metropolis-Hastings,9,50,0.9986911823936776,0.0,0.9986911823936776,"{0: 3, 1: 3, 2: 3, 3: 3, 4: 3, 5: 3, 6: 3, 7: 3, 8: 1, 9: 3, 10: 3, 11: 3, 12: 3, 13: 3, 14: 3, 15: 0, 16: 2, 17: 3}"
3142,CNC(=O)CC1CN1,0.5,Greedy-Distance,44,85,0.9977018599543009,0.0,0.9977018599543009,"{0: 2, 1: 2, 2: 2, 3: 2, 4: 2, 5: 3, 6: 3, 7: 3, 8: 1, 9: 2, 10: 0, 11: 2, 12: 2, 13: 2, 14: 3, 15: 3, 16: 3, 17: 3}"
3142,CNC(=O)CC1CN1,0.5,Metropolis-Hastings,11,52,0.9986911823936776,0.0,0.9986911823936776,"{0: 2, 1: 2, 2: 2, 3: 2, 4: 2, 5: 2, 6: 2, 7: 2, 8: 2, 9: 3, 10: 2, 11: 2, 12: 2, 13: 2, 14: 2, 15: 1, 16: 0, 17: 2}"
3142,CNC(=O)CC1CN1,1.0,Greedy-Distance,44,85,0.9977018599543009,0.0,0.9977018599543009,"{0: 2, 1: 2, 2: 2, 3: 2, 4: 2, 5: 3, 6: 3, 7: 3, 8: 1, 9: 2, 10: 0, 11: 2, 12: 2, 13: 2, 14: 3, 15: 3, 16: 3, 17: 3}"
3142,CNC(=O)CC1CN1,1.0,Metropolis-Hastings,17,58,0.9986911823936776,0.0,0.9986911823936776,"{0: 1, 1: 1, 2: 1, 3: 1, 4: 1, 5: 1, 6: 1, 7: 1, 8: 1, 9: 0, 10: 1, 11: 1, 12: 1, 13: 1, 14: 1, 15: 3, 16: 2, 17: 1}"
3142,CNC(=O)CC1CN1,1.5,Greedy-Distance,44,85,0.9977018599543009,0.0,0.9977018599543009,"{0: 2, 1: 2, 2: 2, 3: 2, 4: 2, 5: 3, 6: 3, 7: 3, 8: 1, 9: 2, 10: 0, 11: 2, 12: 2, 13: 2, 14: 3, 15: 3, 16: 3, 17: 3}"
3142,CNC(=O)CC1CN1,1.5,Metropolis-Hastings,86,127,0.9981342590251362,0.0,0.9981342590251362,"{0: 0, 1: 1, 2: 1, 3: 1, 4: 1, 5: 1, 6: 1, 7: 1, 8: 3, 9: 0, 10: 0, 11: 1, 12: 1, 13: 1, 14: 1, 15: 1, 16: 1, 17: 2}"
6126,CC1=NCC(O1)C(N)=O,0.01,Greedy-Distance,65,106,0.9989301461834202,0.0,0.9989301461834202,"{0: 2, 1: 2, 2: 2, 3: 0, 4: 0, 5: 2, 6: 0, 7: 0, 8: 0, 9: 2, 10: 2, 11: 2, 12: 0, 13: 0, 14: 1, 15: 0, 16: 3}"
6126,CC1=NCC(O1)C(N)=O,0.01,Metropolis-Hastings,2,43,0.9989301461834202,0.0,0.9989301461834202,"{0: 0, 1: 0, 2: 0, 3: 1, 4: 1, 5: 0, 6: 1, 7: 1, 8: 1, 9: 0, 10: 0, 11: 0, 12: 1, 13: 1, 14: 3, 15: 1, 16: 2}"
6126,CC1=NCC(O1)C(N)=O,0.1,Greedy-Distance,20,61,0.9975589038457068,0.0,0.9975589038457068,"{0: 0, 1: 0, 2: 0, 3: 0, 4: 0, 5: 0, 6: 0, 7: 0, 8: 0, 9: 0, 10: 0, 11: 0, 12: 2, 13: 1, 14: 3, 15: 0, 16: 0}"
6126,CC1=NCC(O1)C(N)=O,0.1,Metropolis-Hastings,27,68,0.9989301461834205,0.0,0.9989301461834205,"{0: 1, 1: 1, 2: 1, 3: 0, 4: 0, 5: 1, 6: 0, 7: 0, 8: 0, 9: 1, 10: 1, 11: 1, 12: 0, 13: 0, 14: 3, 15: 0, 16: 2}"
6126,CC1=NCC(O1)C(N)=O,0.5,Greedy-Distance,20,61,0.9975589038457068,0.0,0.9975589038457068,"{0: 0, 1: 0, 2: 0, 3: 0, 4: 0, 5: 0, 6: 0, 7: 0, 8: 0, 9: 0, 10: 0, 11: 0, 12: 2, 13: 1, 14: 3, 15: 0, 16: 0}"
6126,CC1=NCC(O1)C(N)=O,0.5,Metropolis-Hastings,3,44,0.9989301461834202,0.0,0.9989301461834202,"{0: 1, 1: 1, 2: 1, 3: 3, 4: 3, 5: 1, 6: 3, 7: 3, 8: 3, 9: 1, 10: 1, 11: 1, 12: 3, 13: 3, 14: 2, 15: 3, 16: 0}"
6126,CC1=NCC(O1)C(N)=O,1.0,Greedy-Distance,20,61,0.9975589038457068,0.0,0.9975589038457068,"{0: 0, 1: 0, 2: 0, 3: 0, 4: 0, 5: 0, 6: 0, 7: 0, 8: 0, 9: 0, 10: 0, 11: 0, 12: 2, 13: 1, 14: 3, 15: 0, 16: 0}"
6126,CC1=NCC(O1)C(N)=O,1.0,Metropolis-Hastings,83,124,0.9989301461834206,0.0,0.9989301461834206,"{0: 0, 1: 0, 2: 0, 3: 3, 4: 3, 5: 0, 6: 3, 7: 3, 8: 3, 9: 0, 10: 0, 11: 0, 12: 3, 13: 3, 14: 1, 15: 2, 16: 3}"
6126,CC1=NCC(O1)C(N)=O,1.5,Greedy-Distance,20,61,0.9975589038457068,0.0,0.9975589038457068,"{0: 0, 1: 0, 2: 0, 3: 0, 4: 0, 5: 0, 6: 0, 7: 0, 8: 0, 9: 0, 10: 0, 11: 0, 12: 2, 13: 1, 14: 3, 15: 0, 16: 0}"
6126,CC1=NCC(O1)C(N)=O,1.5,Metropolis-Hastings,17,58,0.9989301461834206,0.0,0.9989301461834206,"{0: 0, 1: 0, 2: 0, 3: 1, 4: 1, 5: 0, 6: 1, 7: 1, 8: 1, 9: 0, 10: 0, 11: 0, 12: 1, 13: 1, 14: 3, 15: 1, 16: 2}"
7256,CC12C3C(CN13)OC2=O,0.01,Greedy-Distance,91,132,0.9976019680740497,0.0,0.9976019680740497,"{0: 1, 1: 1, 2: 1, 3: 1, 4: 1, 5: 1, 6: 1, 7: 1, 8: 1, 9: 1, 10: 1, 11: 3, 12: 0, 13: 2, 14: 1, 15: 1}"
7256,CC12C3C(CN13)OC2=O,0.01,Metropolis-Hastings,75,116,0.9977792896208638,0.0,0.9977792896208638,"{0: 2, 1: 2, 2: 2, 3: 2, 4: 2, 5: 2, 6: 2, 7: 2, 8: 2, 9: 2, 10: 1, 11: 2, 12: 3, 13: 2, 14: 0, 15: 2}"
7256,CC12C3C(CN13)OC2=O,0.1,Greedy-Distance,91,132,0.9976019680740497,0.0,0.9976019680740497,"{0: 1, 1: 1, 2: 1, 3: 1, 4: 1, 5: 1, 6: 1, 7: 1, 8: 1, 9: 1, 10: 1, 11: 3, 12: 0, 13: 2, 14: 1, 15: 1}"
7256,CC12C3C(CN13)OC2=O,0.1,Metropolis-Hastings,4,45,0.9977792896208637,0.0,0.9977792896208637,"{0: 2, 1: 2, 2: 2, 3: 2, 4: 2, 5: 2, 6: 2, 7: 2, 8: 2, 9: 2, 10: 2, 11: 3, 12: 0, 13: 2, 14: 2, 15: 1}"
7256,CC12C3C(CN13)OC2=O,0.5,Greedy-Distance,91,132,0.9976019680740497,0.0,0.9976019680740497,"{0: 1, 1: 1, 2: 1, 3: 1, 4: 1, 5: 1, 6: 1, 7: 1, 8: 1, 9: 1, 10: 1, 11: 3, 12: 0, 13: 2, 14: 1, 15: 1}"
7256,CC12C3C(CN13)OC2=O,0.5,Metropolis-Hastings,28,69,0.9977792896208637,0.0,0.9977792896208637,"{0: 3, 1: 3, 2: 3, 3: 3, 4: 3, 5: 3, 6: 3, 7: 3, 8: 3, 9: 3, 10: 3, 11: 2, 12: 0, 13: 3, 14: 3, 15: 1}"
7256,CC12C3C(CN13)OC2=O,1.0,Greedy-Distance,91,132,0.9976019680740497,0.0,0.9976019680740497,"{0: 1, 1: 1, 2: 1, 3: 1, 4: 1, 5: 1, 6: 1, 7: 1, 8: 1, 9: 1, 10: 1, 11: 3, 12: 0, 13: 2, 14: 1, 15: 1}"
7256,CC12C3C(CN13)OC2=O,1.0,Metropolis-Hastings,55,96,0.997779289620864,0.0,0.997779289620864,"{0: 0, 1: 0, 2: 0, 3: 0, 4: 0, 5: 0, 6: 0, 7: 0, 8: 0, 9: 0, 10: 3, 11: 0, 12: 1, 13: 0, 14: 2, 15: 0}"
7256,CC12C3C(CN13)OC2=O,1.5,Greedy-Distance,91,132,0.9976019680740497,0.0,0.9976019680740497,"{0: 1, 1: 1, 2: 1, 3: 1, 4: 1, 5: 1, 6: 1, 7: 1, 8: 1, 9: 1, 10: 1, 11: 3, 12: 0, 13: 2, 14: 1, 15: 1}"
7256,CC12C3C(CN13)OC2=O,1.5,Metropolis-Hastings,14,55,0.9977792896208638,0.0,0.9977792896208638,"{0: 0, 1: 0, 2: 0, 3: 0, 4: 0, 5: 0, 6: 0, 7: 0, 8: 0, 9: 0, 10: 0, 11: 1, 12: 3, 13: 0, 14: 2, 15: 0}"
7841,N#CC12OCC(O1)C=C2,0.01,Greedy-Distance,65,106,0.9966401532410725,0.0,0.9966401532410725,"{0: 2, 1: 2, 2: 3, 3: 0, 4: 0, 5: 0, 6: 3, 7: 0, 8: 0, 9: 0, 10: 0, 11: 1, 12: 0, 13: 0}"
7841,N#CC12OCC(O1)C=C2,0.01,Metropolis-Hastings,8,49,0.9966716278953897,0.0,0.9966716278953897,"{0: 2, 1: 2, 2: 2, 3: 2, 4: 0, 5: 0, 6: 0, 7: 2, 8: 2, 9: 0, 10: 3, 11: 1, 12: 2, 13: 2}"
7841,N#CC12OCC(O1)C=C2,0.1,Greedy-Distance,65,106,0.9966401532410725,0.0,0.9966401532410725,"{0: 2, 1: 2, 2: 3, 3: 0, 4: 0, 5: 0, 6: 3, 7: 0, 8: 0, 9: 0, 10: 0, 11: 1, 12: 0, 13: 0}"
7841,N#CC12OCC(O1)C=C2,0.1,Metropolis-Hastings,2,43,0.9966716278953897,0.0,0.9966716278953897,"{0: 1, 1: 1, 2: 1, 3: 1, 4: 3, 5: 3, 6: 3, 7: 1, 8: 1, 9: 3, 10: 0, 11: 2, 12: 1, 13: 1}"
7841,N#CC12OCC(O1)C=C2,0.5,Greedy-Distance,65,106,0.9966401532410725,0.0,0.9966401532410725,"{0: 2, 1: 2, 2: 3, 3: 0, 4: 0, 5: 0, 6: 3, 7: 0, 8: 0, 9: 0, 10: 0, 11: 1, 12: 0, 13: 0}"
7841,N#CC12OCC(O1)C=C2,0.5,Metropolis-Hastings,3,44,0.9966716278953897,0.0,0.9966716278953897,"{0: 2, 1: 2, 2: 2, 3: 2, 4: 3, 5: 3, 6: 3, 7: 2, 8: 2, 9: 1, 10: 3, 11: 0, 12: 2, 13: 2}"
7841,N#CC12OCC(O1)C=C2,1.0,Greedy-Distance,65,106,0.9966401532410725,0.0,0.9966401532410725,"{0: 2, 1: 2, 2: 3, 3: 0, 4: 0, 5: 0, 6: 3, 7: 0, 8: 0, 9: 0, 10: 0, 11: 1, 12: 0, 13: 0}"
7841,N#CC12OCC(O1)C=C2,1.0,Metropolis-Hastings,69,110,0.9966716278953899,0.0,0.9966716278953899,"{0: 2, 1: 2, 2: 2, 3: 2, 4: 0, 5: 0, 6: 0, 7: 2, 8: 2, 9: 3, 10: 0, 11: 1, 12: 2, 13: 2}"
7841,N#CC12OCC(O1)C=C2,1.5,Greedy-Distance,65,106,0.9966401532410725,0.0,0.9966401532410725,"{0: 2, 1: 2, 2: 3, 3: 0, 4: 0, 5: 0, 6: 3, 7: 0, 8: 0, 9: 0, 10: 0, 11: 1, 12: 0, 13: 0}"
7841,N#CC12OCC(O1)C=C2,1.5,Metropolis-Hastings,10,51,0.9966716278953897,0.0,0.9966716278953897,"{0: 0, 1: 0, 2: 0, 3: 0, 4: 1, 5: 1, 6: 1, 7: 0, 8: 0, 9: 2, 10: 1, 11: 3, 12: 0, 13: 0}"
8023,C1OC11C2C3CN2C13,0.01,Greedy-Distance,63,104,0.9986278835963751,0.0,0.9986278835963751,"{0: 2, 1: 1, 2: 1, 3: 1, 4: 1, 5: 1, 6: 1, 7: 1, 8: 2, 9: 2, 10: 3, 11: 1, 12: 1, 13: 1, 14: 0}"
8023,C1OC11C2C3CN2C13,0.01,Metropolis-Hastings,85,126,0.9986278835963752,0.0,0.9986278835963752,"{0: 0, 1: 2, 2: 2, 3: 2, 4: 2, 5: 2, 6: 2, 7: 2, 8: 0, 9: 0, 10: 1, 11: 2, 12: 2, 13: 2, 14: 3}"
8023,C1OC11C2C3CN2C13,0.1,Greedy-Distance,63,104,0.9986278835963751,0.0,0.9986278835963751,"{0: 2, 1: 1, 2: 1, 3: 1, 4: 1, 5: 1, 6: 1, 7: 1, 8: 2, 9: 2, 10: 3, 11: 1, 12: 1, 13: 1, 14: 0}"
8023,C1OC11C2C3CN2C13,0.1,Metropolis-Hastings,51,92,0.9986278835963752,0.0,0.9986278835963752,"{0: 1, 1: 3, 2: 3, 3: 3, 4: 3, 5: 3, 6: 3, 7: 3, 8: 1, 9: 1, 10: 2, 11: 3, 12: 3, 13: 3, 14: 0}"
8023,C1OC11C2C3CN2C13,0.5,Greedy-Distance,63,104,0.9986278835963751,0.0,0.9986278835963751,"{0: 2, 1: 1, 2: 1, 3: 1, 4: 1, 5: 1, 6: 1, 7: 1, 8: 2, 9: 2, 10: 3, 11: 1, 12: 1, 13: 1, 14: 0}"
8023,C1OC11C2C3CN2C13,0.5,Metropolis-Hastings,39,80,0.9986278835963752,0.0,0.9986278835963752,"{0: 2, 1: 1, 2: 1, 3: 1, 4: 1, 5: 1, 6: 1, 7: 1, 8: 2, 9: 2, 10: 3, 11: 1, 12: 1, 13: 1, 14: 0}"
8023,C1OC11C2C3CN2C13,1.0,Greedy-Distance,63,104,0.9986278835963751,0.0,0.9986278835963751,"{0: 2, 1: 1, 2: 1, 3: 1, 4: 1, 5: 1, 6: 1, 7: 1, 8: 2, 9: 2, 10: 3, 11: 1, 12: 1, 13: 1, 14: 0}"
8023,C1OC11C2C3CN2C13,1.0,Metropolis-Hastings,46,87,0.9986278835963752,0.0,0.9986278835963752,"{0: 3, 1: 1, 2: 1, 3: 1, 4: 1, 5: 1, 6: 1, 7: 1, 8: 3, 9: 3, 10: 0, 11: 1, 12: 1, 13: 1, 14: 2}"
8023,C1OC11C2C3CN2C13,1.5,Greedy-Distance,63,104,0.9986278835963751,0.0,0.9986278835963751,"{0: 2, 1: 1, 2: 1, 3: 1, 4: 1, 5: 1, 6: 1, 7: 1, 8: 2, 9: 2, 10: 3, 11: 1, 12: 1, 13: 1, 14: 0}"
8023,C1OC11C2C3CN2C13,1.5,Metropolis-Hastings,11,52,0.9986278835963752,0.0,0.9986278835963752,"{0: 3, 1: 0, 2: 0, 3: 0, 4: 0, 5: 0, 6: 0, 7: 0, 8: 3, 9: 3, 10: 1, 11: 0, 12: 0, 13: 0, 14: 2}"
8482,O=CC1OCC11CCO1,0.01,Greedy-Distance,24,65,0.9981282273712271,0.0,0.9981282273712271,"{0: 3, 1: 1, 2: 0, 3: 0, 4: 0, 5: 0, 6: 0, 7: 0, 8: 0, 9: 1, 10: 0, 11: 0, 12: 0, 13: 0, 14: 0, 15: 0, 16: 2}"
8482,O=CC1OCC11CCO1,0.01,Metropolis-Hastings,12,53,0.9981282273712272,0.0,0.9981282273712272,"{0: 1, 1: 0, 2: 3, 3: 3, 4: 3, 5: 3, 6: 3, 7: 3, 8: 3, 9: 0, 10: 3, 11: 3, 12: 3, 13: 3, 14: 3, 15: 2, 16: 3}"
8482,O=CC1OCC11CCO1,0.1,Greedy-Distance,78,119,0.9968664513773985,0.0,0.9968664513773985,"{0: 3, 1: 3, 2: 0, 3: 0, 4: 0, 5: 0, 6: 0, 7: 0, 8: 0, 9: 3, 10: 0, 11: 0, 12: 2, 13: 0, 14: 1, 15: 0, 16: 0}"
8482,O=CC1OCC11CCO1,0.1,Metropolis-Hastings,4,45,0.9981282273712271,0.0,0.9981282273712271,"{0: 1, 1: 0, 2: 3, 3: 3, 4: 3, 5: 3, 6: 3, 7: 3, 8: 3, 9: 0, 10: 3, 11: 3, 12: 3, 13: 3, 14: 3, 15: 2, 16: 3}"
8482,O=CC1OCC11CCO1,0.5,Greedy-Distance,78,119,0.9968664513773985,0.0,0.9968664513773985,"{0: 3, 1: 3, 2: 0, 3: 0, 4: 0, 5: 0, 6: 0, 7: 0, 8: 0, 9: 3, 10: 0, 11: 0, 12: 2, 13: 0, 14: 1, 15: 0, 16: 0}"
8482,O=CC1OCC11CCO1,0.5,Metropolis-Hastings,2,43,0.9981282273712271,0.0,0.9981282273712271,"{0: 1, 1: 0, 2: 3, 3: 3, 4: 3, 5: 3, 6: 3, 7: 3, 8: 3, 9: 0, 10: 3, 11: 3, 12: 3, 13: 3, 14: 3, 15: 3, 16: 2}"
8482,O=CC1OCC11CCO1,1.0,Greedy-Distance,78,119,0.9968664513773985,0.0,0.9968664513773985,"{0: 3, 1: 3, 2: 0, 3: 0, 4: 0, 5: 0, 6: 0, 7: 0, 8: 0, 9: 3, 10: 0, 11: 0, 12: 2, 13: 0, 14: 1, 15: 0, 16: 0}"
8482,O=CC1OCC11CCO1,1.0,Metropolis-Hastings,2,43,0.9981282273712271,0.0,0.9981282273712271,"{0: 1, 1: 0, 2: 3, 3: 3, 4: 3, 5: 3, 6: 3, 7: 3, 8: 3, 9: 0, 10: 3, 11: 3, 12: 3, 13: 3, 14: 3, 15: 3, 16: 2}"
8482,O=CC1OCC11CCO1,1.5,Greedy-Distance,78,119,0.9968664513773985,0.0,0.9968664513773985,"{0: 3, 1: 3, 2: 0, 3: 0, 4: 0, 5: 0, 6: 0, 7: 0, 8: 0, 9: 3, 10: 0, 11: 0, 12: 2, 13: 0, 14: 1, 15: 0, 16: 0}"
8482,O=CC1OCC11CCO1,1.5,Metropolis-Hastings,2,43,0.9981282273712272,0.0,0.9981282273712272,"{0: 1, 1: 0, 2: 3, 3: 3, 4: 3, 5: 3, 6: 3, 7: 3, 8: 3, 9: 0, 10: 3, 11: 3, 12: 3, 13: 3, 14: 3, 15: 3, 16: 2}"
9904,OC12C=CC3OC1C2O3,0.01,Greedy-Distance,38,79,0.9971121424989811,0.0,0.9971121424989811,"{0: 1, 1: 1, 2: 1, 3: 1, 4: 1, 5: 1, 6: 1, 7: 1, 8: 1, 9: 1, 10: 1, 11: 0, 12: 2, 13: 1, 14: 3}"
9904,OC12C=CC3OC1C2O3,0.01,Metropolis-Hastings,1,42,0.9971121424989811,0.0,0.9971121424989811,"{0: 3, 1: 3, 2: 3, 3: 3, 4: 3, 5: 3, 6: 3, 7: 3, 8: 3, 9: 3, 10: 3, 11: 1, 12: 2, 13: 3, 14: 0}"
9904,OC12C=CC3OC1C2O3,0.1,Greedy-Distance,38,79,0.9971121424989811,0.0,0.9971121424989811,"{0: 1, 1: 1, 2: 1, 3: 1, 4: 1, 5: 1, 6: 1, 7: 1, 8: 1, 9: 1, 10: 1, 11: 0, 12: 2, 13: 1, 14: 3}"
9904,OC12C=CC3OC1C2O3,0.1,Metropolis-Hastings,1,42,0.9971121424989811,0.0,0.9971121424989811,"{0: 2, 1: 2, 2: 2, 3: 2, 4: 2, 5: 2, 6: 2, 7: 2, 8: 2, 9: 2, 10: 2, 11: 3, 12: 1, 13: 2, 14: 0}"
9904,OC12C=CC3OC1C2O3,0.5,Greedy-Distance,38,79,0.9971121424989811,0.0,0.9971121424989811,"{0: 1, 1: 1, 2: 1, 3: 1, 4: 1, 5: 1, 6: 1, 7: 1, 8: 1, 9: 1, 10: 1, 11: 0, 12: 2, 13: 1, 14: 3}"
9904,OC12C=CC3OC1C2O3,0.5,Metropolis-Hastings,4,45,0.9971121424989811,0.0,0.9971121424989811,"{0: 3, 1: 3, 2: 3, 3: 3, 4: 3, 5: 3, 6: 3, 7: 3, 8: 3, 9: 3, 10: 3, 11: 0, 12: 1, 13: 2, 14: 3}"
9904,OC12C=CC3OC1C2O3,1.0,Greedy-Distance,38,79,0.9971121424989811,0.0,0.9971121424989811,"{0: 1, 1: 1, 2: 1, 3: 1, 4: 1, 5: 1, 6: 1, 7: 1, 8: 1, 9: 1, 10: 1, 11: 0, 12: 2, 13: 1, 14: 3}"
9904,OC12C=CC3OC1C2O3,1.0,Metropolis-Hastings,3,44,0.9971121424989811,0.0,0.9971121424989811,"{0: 2, 1: 2, 2: 2, 3: 2, 4: 2, 5: 2, 6: 2, 7: 2, 8: 2, 9: 2, 10: 2, 11: 3, 12: 0, 13: 2, 14: 1}"
9904,OC12C=CC3OC1C2O3,1.5,Greedy-Distance,38,79,0.9971121424989811,0.0,0.9971121424989811,"{0: 1, 1: 1, 2: 1, 3: 1, 4: 1, 5: 1, 6: 1, 7: 1, 8: 1, 9: 1, 10: 1, 11: 0, 12: 2, 13: 1, 14: 3}"
9904,OC12C=CC3OC1C2O3,1.5,Metropolis-Hastings,2,43,0.9971121424989812,0.0,0.9971121424989812,"{0: 1, 1: 1, 2: 1, 3: 1, 4: 1, 5: 1, 6: 1, 7: 1, 8: 1, 9: 1, 10: 1, 11: 0, 12: 3, 13: 2, 14: 1}"
11227,NC(C#C)(C#N)C1CO1,0.01,Greedy-Distance,4,45,0.9980740797445916,0.0,0.9980740797445916,"{0: 1, 1: 1, 2: 1, 3: 1, 4: 1, 5: 1, 6: 1, 7: 1, 8: 1, 9: 1, 10: 3, 11: 0, 12: 1, 13: 1, 14: 2}"
11227,NC(C#C)(C#N)C1CO1,0.01,Metropolis-Hastings,1,42,0.9980740797445916,0.0,0.9980740797445916,"{0: 2, 1: 2, 2: 2, 3: 2, 4: 2, 5: 2, 6: 2, 7: 2, 8: 2, 9: 2, 10: 3, 11: 1, 12: 2, 13: 0, 14: 2}"
11227,NC(C#C)(C#N)C1CO1,0.1,Greedy-Distance,71,112,0.9967361331620056,0.0,0.9967361331620056,"{0: 1, 1: 1, 2: 1, 3: 1, 4: 1, 5: 1, 6: 1, 7: 1, 8: 1, 9: 1, 10: 3, 11: 0, 12: 2, 13: 1, 14: 1}"
11227,NC(C#C)(C#N)C1CO1,0.1,Metropolis-Hastings,1,42,0.9980740797445916,0.0,0.9980740797445916,"{0: 3, 1: 3, 2: 3, 3: 3, 4: 3, 5: 3, 6: 3, 7: 3, 8: 3, 9: 3, 10: 1, 11: 0, 12: 3, 13: 3, 14: 2}"
11227,NC(C#C)(C#N)C1CO1,0.5,Greedy-Distance,71,112,0.9967361331620056,0.0,0.9967361331620056,"{0: 1, 1: 1, 2: 1, 3: 1, 4: 1, 5: 1, 6: 1, 7: 1, 8: 1, 9: 1, 10: 3, 11: 0, 12: 2, 13: 1, 14: 1}"
11227,NC(C#C)(C#N)C1CO1,0.5,Metropolis-Hastings,3,44,0.9980740797445916,0.0,0.9980740797445916,"{0: 0, 1: 0, 2: 0, 3: 0, 4: 0, 5: 0, 6: 0, 7: 0, 8: 0, 9: 2, 10: 0, 11: 3, 12: 0, 13: 1, 14: 0}"
11227,NC(C#C)(C#N)C1CO1,1.0,Greedy-Distance,71,112,0.9967361331620056,0.0,0.9967361331620056,"{0: 1, 1: 1, 2: 1, 3: 1, 4: 1, 5: 1, 6: 1, 7: 1, 8: 1, 9: 1, 10: 3, 11: 0, 12: 2, 13: 1, 14: 1}"
11227,NC(C#C)(C#N)C1CO1,1.0,Metropolis-Hastings,4,45,0.9980740797445916,0.0,0.9980740797445916,"{0: 1, 1: 1, 2: 1, 3: 1, 4: 1, 5: 1, 6: 1, 7: 1, 8: 1, 9: 3, 10: 1, 11: 0, 12: 1, 13: 1, 14: 2}"
11227,NC(C#C)(C#N)C1CO1,1.5,Greedy-Distance,71,112,0.9967361331620056,0.0,0.9967361331620056,"{0: 1, 1: 1, 2: 1, 3: 1, 4: 1, 5: 1, 6: 1, 7: 1, 8: 1, 9: 1, 10: 3, 11: 0, 12: 2, 13: 1, 14: 1}"
11227,NC(C#C)(C#N)C1CO1,1.5,Metropolis-Hastings,31,72,0.9980740797445916,0.0,0.9980740797445916,"{0: 0, 1: 0, 2: 0, 3: 0, 4: 0, 5: 0, 6: 0, 7: 0, 8: 0, 9: 0, 10: 3, 11: 2, 12: 0, 13: 0, 14: 1}"
11591,O=CC1=CC(=O)C(=O)C1,0.01,Greedy-Distance,13,54,0.9943664563735576,0.0,0.9943664563735576,"{0: 1, 1: 1, 2: 1, 3: 1, 4: 0, 5: 0, 6: 0, 7: 0, 8: 0, 9: 1, 10: 2, 11: 3, 12: 0}"
11591,O=CC1=CC(=O)C(=O)C1,0.01,Metropolis-Hastings,1,42,0.9970569561229388,0.0,0.9970569561229388,"{0: 0, 1: 0, 2: 0, 3: 0, 4: 0, 5: 0, 6: 0, 7: 0, 8: 0, 9: 2, 10: 3, 11: 0, 12: 1}"
11591,O=CC1=CC(=O)C(=O)C1,0.1,Greedy-Distance,13,54,0.9943664563735576,0.0,0.9943664563735576,"{0: 1, 1: 1, 2: 1, 3: 1, 4: 0, 5: 0, 6: 0, 7: 0, 8: 0, 9: 1, 10: 2, 11: 3, 12: 0}"
11591,O=CC1=CC(=O)C(=O)C1,0.1,Metropolis-Hastings,7,48,0.9970569561229388,0.0,0.9970569561229388,"{0: 0, 1: 0, 2: 0, 3: 0, 4: 0, 5: 0, 6: 0, 7: 0, 8: 0, 9: 2, 10: 3, 11: 0, 12: 1}"
11591,O=CC1=CC(=O)C(=O)C1,0.5,Greedy-Distance,13,54,0.9943664563735576,0.0,0.9943664563735576,"{0: 1, 1: 1, 2: 1, 3: 1, 4: 0, 5: 0, 6: 0, 7: 0, 8: 0, 9: 1, 10: 2, 11: 3, 12: 0}"
11591,O=CC1=CC(=O)C(=O)C1,0.5,Metropolis-Hastings,44,85,0.9970569561229388,0.0,0.9970569561229388,"{0: 1, 1: 1, 2: 1, 3: 1, 4: 1, 5: 1, 6: 1, 7: 1, 8: 1, 9: 2, 10: 0, 11: 3, 12: 1}"
11591,O=CC1=CC(=O)C(=O)C1,1.0,Greedy-Distance,13,54,0.9943664563735576,0.0,0.9943664563735576,"{0: 1, 1: 1, 2: 1, 3: 1, 4: 0, 5: 0, 6: 0, 7: 0, 8: 0, 9: 1, 10: 2, 11: 3, 12: 0}"
11591,O=CC1=CC(=O)C(=O)C1,1.0,Metropolis-Hastings,94,135,0.9970569561229387,0.0,0.9970569561229387,"{0: 1, 1: 1, 2: 1, 3: 1, 4: 1, 5: 1, 6: 1, 7: 1, 8: 1, 9: 0, 10: 2, 11: 1, 12: 3}"
11591,O=CC1=CC(=O)C(=O)C1,1.5,Greedy-Distance,13,54,0.9943664563735576,0.0,0.9943664563735576,"{0: 1, 1: 1, 2: 1, 3: 1, 4: 0, 5: 0, 6: 0, 7: 0, 8: 0, 9: 1, 10: 2, 11: 3, 12: 0}"
11591,O=CC1=CC(=O)C(=O)C1,1.5,Metropolis-Hastings,13,54,0.9970569561229388,0.0,0.9970569561229388,"{0: 0, 1: 0, 2: 0, 3: 0, 4: 0, 5: 0, 6: 0, 7: 0, 8: 0, 9: 1, 10: 2, 11: 3, 12: 0}"
13606,O=C1CC2(CC1O2)C#C,0.01,Greedy-Distance,44,85,0.9977554620453305,0.0,0.9977554620453305,"{0: 2, 1: 2, 2: 1, 3: 1, 4: 1, 5: 2, 6: 1, 7: 1, 8: 1, 9: 1, 10: 1, 11: 1, 12: 1, 13: 3, 14: 0}"
13606,O=C1CC2(CC1O2)C#C,0.01,Metropolis-Hastings,87,128,0.9977554620453306,0.0,0.9977554620453306,"{0: 2, 1: 2, 2: 0, 3: 0, 4: 0, 5: 2, 6: 0, 7: 0, 8: 0, 9: 0, 10: 0, 11: 0, 12: 0, 13: 1, 14: 3}"
13606,O=C1CC2(CC1O2)C#C,0.1,Greedy-Distance,44,85,0.9977554620453305,0.0,0.9977554620453305,"{0: 2, 1: 2, 2: 1, 3: 1, 4: 1, 5: 2, 6: 1, 7: 1, 8: 1, 9: 1, 10: 1, 11: 1, 12: 1, 13: 3, 14: 0}"
13606,O=C1CC2(CC1O2)C#C,0.1,Metropolis-Hastings,45,86,0.9977554620453306,0.0,0.9977554620453306,"{0: 0, 1: 0, 2: 2, 3: 2, 4: 2, 5: 0, 6: 2, 7: 2, 8: 2, 9: 2, 10: 2, 11: 2, 12: 2, 13: 3, 14: 1}"
13606,O=C1CC2(CC1O2)C#C,0.5,Greedy-Distance,44,85,0.9977554620453305,0.0,0.9977554620453305,"{0: 2, 1: 2, 2: 1, 3: 1, 4: 1, 5: 2, 6: 1, 7: 1, 8: 1, 9: 1, 10: 1, 11: 1, 12: 1, 13: 3, 14: 0}"
13606,O=C1CC2(CC1O2)C#C,0.5,Metropolis-Hastings,15,56,0.9977554620453306,0.0,0.9977554620453306,"{0: 1, 1: 1, 2: 2, 3: 2, 4: 2, 5: 1, 6: 2, 7: 2, 8: 2, 9: 2, 10: 2, 11: 2, 12: 2, 13: 3, 14: 0}"
13606,O=C1CC2(CC1O2)C#C,1.0,Greedy-Distance,44,85,0.9977554620453305,0.0,0.9977554620453305,"{0: 2, 1: 2, 2: 1, 3: 1, 4: 1, 5: 2, 6: 1, 7: 1, 8: 1, 9: 1, 10: 1, 11: 1, 12: 1, 13: 3, 14: 0}"
13606,O=C1CC2(CC1O2)C#C,1.0,Metropolis-Hastings,44,85,0.9977554620453306,0.0,0.9977554620453306,"{0: 2, 1: 2, 2: 1, 3: 1, 4: 1, 5: 2, 6: 1, 7: 1, 8: 1, 9: 1, 10: 1, 11: 1, 12: 1, 13: 3, 14: 0}"
13606,O=C1CC2(CC1O2)C#C,1.5,Greedy-Distance,44,85,0.9977554620453305,0.0,0.9977554620453305,"{0: 2, 1: 2, 2: 1, 3: 1, 4: 1, 5: 2, 6: 1, 7: 1, 8: 1, 9: 1, 10: 1, 11: 1, 12: 1, 13: 3, 14: 0}"
13606,O=C1CC2(CC1O2)C#C,1.5,Metropolis-Hastings,44,85,0.9977554620453306,0.0,0.9977554620453306,"{0: 2, 1: 2, 2: 1, 3: 1, 4: 1, 5: 2, 6: 1, 7: 1, 8: 1, 9: 1, 10: 1, 11: 1, 12: 1, 13: 3, 14: 0}"
14171,CC1C2CC2(C)C1=NO,0.01,Greedy-Distance,11,52,0.997113589885585,0.0,0.997113589885585,"{0: 3, 1: 1, 2: 1, 3: 1, 4: 1, 5: 0, 6: 1, 7: 1, 8: 1, 9: 3, 10: 3, 11: 3, 12: 1, 13: 1, 14: 1, 15: 1, 16: 0, 17: 0, 18: 0, 19: 2}"
14171,CC1C2CC2(C)C1=NO,0.01,Metropolis-Hastings,58,99,0.9989766553173699,0.0,0.9989766553173699,"{0: 2, 1: 2, 2: 2, 3: 2, 4: 2, 5: 0, 6: 2, 7: 2, 8: 2, 9: 2, 10: 2, 11: 3, 12: 2, 13: 1, 14: 2, 15: 2, 16: 0, 17: 0, 18: 0, 19: 2}"
14171,CC1C2CC2(C)C1=NO,0.1,Greedy-Distance,11,52,0.997113589885585,0.0,0.997113589885585,"{0: 3, 1: 1, 2: 1, 3: 1, 4: 1, 5: 0, 6: 1, 7: 1, 8: 1, 9: 3, 10: 3, 11: 3, 12: 1, 13: 1, 14: 1, 15: 1, 16: 0, 17: 0, 18: 0, 19: 2}"
14171,CC1C2CC2(C)C1=NO,0.1,Metropolis-Hastings,40,81,0.9989766553173699,0.0,0.9989766553173699,"{0: 3, 1: 3, 2: 3, 3: 3, 4: 3, 5: 0, 6: 3, 7: 3, 8: 3, 9: 2, 10: 3, 11: 3, 12: 3, 13: 1, 14: 3, 15: 3, 16: 0, 17: 0, 18: 0, 19: 3}"
14171,CC1C2CC2(C)C1=NO,0.5,Greedy-Distance,11,52,0.997113589885585,0.0,0.997113589885585,"{0: 3, 1: 1, 2: 1, 3: 1, 4: 1, 5: 0, 6: 1, 7: 1, 8: 1, 9: 3, 10: 3, 11: 3, 12: 1, 13: 1, 14: 1, 15: 1, 16: 0, 17: 0, 18: 0, 19: 2}"
14171,CC1C2CC2(C)C1=NO,0.5,Metropolis-Hastings,5,46,0.9989766553173697,0.0,0.9989766553173697,"{0: 2, 1: 2, 2: 2, 3: 2, 4: 2, 5: 0, 6: 2, 7: 2, 8: 2, 9: 2, 10: 2, 11: 1, 12: 2, 13: 3, 14: 2, 15: 2, 16: 0, 17: 0, 18: 0, 19: 2}"
14171,CC1C2CC2(C)C1=NO,1.0,Greedy-Distance,11,52,0.997113589885585,0.0,0.997113589885585,"{0: 3, 1: 1, 2: 1, 3: 1, 4: 1, 5: 0, 6: 1, 7: 1, 8: 1, 9: 3, 10: 3, 11: 3, 12: 1, 13: 1, 14: 1, 15: 1, 16: 0, 17: 0, 18: 0, 19: 2}"
14171,CC1C2CC2(C)C1=NO,1.0,Metropolis-Hastings,43,84,0.9989766553173699,0.0,0.9989766553173699,"{0: 3, 1: 3, 2: 3, 3: 3, 4: 3, 5: 2, 6: 3, 7: 3, 8: 3, 9: 0, 10: 3, 11: 3, 12: 3, 13: 1, 14: 3, 15: 3, 16: 2, 17: 2, 18: 2, 19: 3}"
14171,CC1C2CC2(C)C1=NO,1.5,Greedy-Distance,11,52,0.997113589885585,0.0,0.997113589885585,"{0: 3, 1: 1, 2: 1, 3: 1, 4: 1, 5: 0, 6: 1, 7: 1, 8: 1, 9: 3, 10: 3, 11: 3, 12: 1, 13: 1, 14: 1, 15: 1, 16: 0, 17: 0, 18: 0, 19: 2}"
14171,CC1C2CC2(C)C1=NO,1.5,Metropolis-Hastings,49,90,0.9989766553173697,0.0,0.9989766553173697,"{0: 0, 1: 0, 2: 0, 3: 0, 4: 0, 5: 2, 6: 0, 7: 0, 8: 0, 9: 0, 10: 0, 11: 3, 12: 0, 13: 1, 14: 0, 15: 0, 16: 2, 17: 2, 18: 2, 19: 0}"
15568,COC12C(C)C1CC2C,0.01,Greedy-Distance,78,119,0.9981821861759649,0.0,0.9981821861759649,"{0: 0, 1: 0, 2: 0, 3: 3, 4: 3, 5: 0, 6: 0, 7: 0, 8: 0, 9: 0, 10: 0, 11: 0, 12: 2, 13: 3, 14: 3, 15: 3, 16: 0, 17: 0, 18: 0, 19: 0, 20: 1, 21: 0, 22: 0}"
15568,COC12C(C)C1CC2C,0.01,Metropolis-Hastings,12,53,0.9993187284478897,0.0,0.9993187284478897,"{0: 1, 1: 1, 2: 1, 3: 1, 4: 1, 5: 1, 6: 1, 7: 1, 8: 1, 9: 1, 10: 1, 11: 1, 12: 1, 13: 2, 14: 1, 15: 1, 16: 3, 17: 1, 18: 1, 19: 1, 20: 1, 21: 1, 22: 0}"
15568,COC12C(C)C1CC2C,0.1,Greedy-Distance,68,109,0.9976225038374222,0.0,0.9976225038374222,"{0: 1, 1: 1, 2: 2, 3: 2, 4: 2, 5: 2, 6: 2, 7: 2, 8: 2, 9: 1, 10: 1, 11: 1, 12: 2, 13: 2, 14: 2, 15: 2, 16: 2, 17: 2, 18: 2, 19: 0, 20: 3, 21: 2, 22: 2}"
15568,COC12C(C)C1CC2C,0.1,Metropolis-Hastings,5,46,0.9993187284478897,0.0,0.9993187284478897,"{0: 2, 1: 2, 2: 2, 3: 2, 4: 2, 5: 2, 6: 2, 7: 2, 8: 2, 9: 2, 10: 2, 11: 2, 12: 2, 13: 3, 14: 2, 15: 2, 16: 1, 17: 2, 18: 2, 19: 2, 20: 2, 21: 0, 22: 2}"
15568,COC12C(C)C1CC2C,0.5,Greedy-Distance,68,109,0.9976225038374222,0.0,0.9976225038374222,"{0: 1, 1: 1, 2: 2, 3: 2, 4: 2, 5: 2, 6: 2, 7: 2, 8: 2, 9: 1, 10: 1, 11: 1, 12: 2, 13: 2, 14: 2, 15: 2, 16: 2, 17: 2, 18: 2, 19: 0, 20: 3, 21: 2, 22: 2}"
15568,COC12C(C)C1CC2C,0.5,Metropolis-Hastings,98,139,0.9993187284478897,0.0,0.9993187284478897,"{0: 2, 1: 2, 2: 2, 3: 2, 4: 2, 5: 2, 6: 2, 7: 2, 8: 2, 9: 2, 10: 2, 11: 2, 12: 2, 13: 1, 14: 2, 15: 2, 16: 3, 17: 2, 18: 2, 19: 2, 20: 2, 21: 0, 22: 2}"
15568,COC12C(C)C1CC2C,1.0,Greedy-Distance,68,109,0.9976225038374222,0.0,0.9976225038374222,"{0: 1, 1: 1, 2: 2, 3: 2, 4: 2, 5: 2, 6: 2, 7: 2, 8: 2, 9: 1, 10: 1, 11: 1, 12: 2, 13: 2, 14: 2, 15: 2, 16: 2, 17: 2, 18: 2, 19: 0, 20: 3, 21: 2, 22: 2}"
15568,COC12C(C)C1CC2C,1.0,Metropolis-Hastings,20,61,0.9987158608045649,0.0,0.9987158608045649,"{0: 3, 1: 3, 2: 3, 3: 3, 4: 3, 5: 3, 6: 3, 7: 3, 8: 3, 9: 3, 10: 3, 11: 3, 12: 3, 13: 3, 14: 3, 15: 2, 16: 3, 17: 1, 18: 3, 19: 3, 20: 0, 21: 3, 22: 3}"
15568,COC12C(C)C1CC2C,1.5,Greedy-Distance,68,109,0.9976225038374222,0.0,0.9976225038374222,"{0: 1, 1: 1, 2: 2, 3: 2, 4: 2, 5: 2, 6: 2, 7: 2, 8: 2, 9: 1, 10: 1, 11: 1, 12: 2, 13: 2, 14: 2, 15: 2, 16: 2, 17: 2, 18: 2, 19: 0, 20: 3, 21: 2, 22: 2}"
15568,COC12C(C)C1CC2C,1.5,Metropolis-Hastings,45,86,0.9985995043980389,0.0,0.9985995043980389,"{0: 0, 1: 0, 2: 0, 3: 0, 4: 0, 5: 0, 6: 0, 7: 0, 8: 0, 9: 0, 10: 0, 11: 0, 12: 2, 13: 0, 14: 0, 15: 0, 16: 0, 17: 0, 18: 3, 19: 0, 20: 1, 21: 0, 22: 0}"
16045,CC#CC1CC(C)C1O,0.01,Greedy-Distance,17,58,0.9991499079835108,0.0,0.9991499079835108,"{0: 0, 1: 1, 2: 1, 3: 1, 4: 1, 5: 1, 6: 1, 7: 1, 8: 1, 9: 2, 10: 0, 11: 0, 12: 1, 13: 1, 14: 1, 15: 1, 16: 1, 17: 1, 18: 3, 19: 1, 20: 1}"
16045,CC#CC1CC(C)C1O,0.01,Metropolis-Hastings,1,42,0.9992261565763605,0.0,0.9992261565763605,"{0: 3, 1: 3, 2: 3, 3: 3, 4: 3, 5: 3, 6: 3, 7: 3, 8: 3, 9: 3, 10: 0, 11: 3, 12: 3, 13: 3, 14: 3, 15: 3, 16: 3, 17: 2, 18: 3, 19: 1, 20: 3}"
16045,CC#CC1CC(C)C1O,0.1,Greedy-Distance,17,58,0.9991499079835108,0.0,0.9991499079835108,"{0: 0, 1: 1, 2: 1, 3: 1, 4: 1, 5: 1, 6: 1, 7: 1, 8: 1, 9: 2, 10: 0, 11: 0, 12: 1, 13: 1, 14: 1, 15: 1, 16: 1, 17: 1, 18: 3, 19: 1, 20: 1}"
16045,CC#CC1CC(C)C1O,0.1,Metropolis-Hastings,6,47,0.9992261565763605,0.0,0.9992261565763605,"{0: 1, 1: 1, 2: 1, 3: 1, 4: 1, 5: 1, 6: 1, 7: 1, 8: 1, 9: 1, 10: 1, 11: 0, 12: 1, 13: 1, 14: 1, 15: 1, 16: 1, 17: 1, 18: 3, 19: 2, 20: 1}"
16045,CC#CC1CC(C)C1O,0.5,Greedy-Distance,17,58,0.9991499079835108,0.0,0.9991499079835108,"{0: 0, 1: 1, 2: 1, 3: 1, 4: 1, 5: 1, 6: 1, 7: 1, 8: 1, 9: 2, 10: 0, 11: 0, 12: 1, 13: 1, 14: 1, 15: 1, 16: 1, 17: 1, 18: 3, 19: 1, 20: 1}"
16045,CC#CC1CC(C)C1O,0.5,Metropolis-Hastings,57,98,0.9992261565763604,0.0,0.9992261565763604,"{0: 2, 1: 2, 2: 2, 3: 2, 4: 2, 5: 2, 6: 2, 7: 2, 8: 2, 9: 2, 10: 2, 11: 3, 12: 2, 13: 2, 14: 2, 15: 2, 16: 2, 17: 2, 18: 0, 19: 1, 20: 2}"
16045,CC#CC1CC(C)C1O,1.0,Greedy-Distance,17,58,0.9991499079835108,0.0,0.9991499079835108,"{0: 0, 1: 1, 2: 1, 3: 1, 4: 1, 5: 1, 6: 1, 7: 1, 8: 1, 9: 2, 10: 0, 11: 0, 12: 1, 13: 1, 14: 1, 15: 1, 16: 1, 17: 1, 18: 3, 19: 1, 20: 1}"
16045,CC#CC1CC(C)C1O,1.0,Metropolis-Hastings,23,64,0.9992261565763605,0.0,0.9992261565763605,"{0: 3, 1: 3, 2: 3, 3: 3, 4: 3, 5: 3, 6: 3, 7: 3, 8: 3, 9: 3, 10: 3, 11: 2, 12: 3, 13: 3, 14: 3, 15: 3, 16: 0, 17: 3, 18: 3, 19: 1, 20: 3}"
16045,CC#CC1CC(C)C1O,1.5,Greedy-Distance,17,58,0.9991499079835108,0.0,0.9991499079835108,"{0: 0, 1: 1, 2: 1, 3: 1, 4: 1, 5: 1, 6: 1, 7: 1, 8: 1, 9: 2, 10: 0, 11: 0, 12: 1, 13: 1, 14: 1, 15: 1, 16: 1, 17: 1, 18: 3, 19: 1, 20: 1}"
16045,CC#CC1CC(C)C1O,1.5,Metropolis-Hastings,17,58,0.9991499079835108,0.0,0.9991499079835108,"{0: 0, 1: 1, 2: 1, 3: 1, 4: 1, 5: 1, 6: 1, 7: 1, 8: 1, 9: 2, 10: 0, 11: 0, 12: 1, 13: 1, 14: 1, 15: 1, 16: 1, 17: 1, 18: 3, 19: 1, 20: 1}"
16208,CC1N2CC2(C#C)C1=O,0.01,Greedy-Distance,2,43,0.9979474478587411,0.0,0.9979474478587411,"{0: 1, 1: 1, 2: 1, 3: 1, 4: 1, 5: 1, 6: 1, 7: 1, 8: 1, 9: 0, 10: 1, 11: 1, 12: 1, 13: 1, 14: 3, 15: 2}"
16208,CC1N2CC2(C#C)C1=O,0.01,Metropolis-Hastings,1,42,0.9979474478587411,0.0,0.9979474478587411,"{0: 0, 1: 0, 2: 0, 3: 0, 4: 0, 5: 0, 6: 0, 7: 0, 8: 0, 9: 3, 10: 0, 11: 0, 12: 0, 13: 2, 14: 0, 15: 1}"
16208,CC1N2CC2(C#C)C1=O,0.1,Greedy-Distance,95,136,0.9978930908323639,0.0,0.9978930908323639,"{0: 0, 1: 0, 2: 0, 3: 0, 4: 0, 5: 0, 6: 2, 7: 0, 8: 0, 9: 1, 10: 0, 11: 0, 12: 3, 13: 0, 14: 0, 15: 2}"
16208,CC1N2CC2(C#C)C1=O,0.1,Metropolis-Hastings,2,43,0.9979474478587411,0.0,0.9979474478587411,"{0: 1, 1: 1, 2: 1, 3: 1, 4: 1, 5: 1, 6: 1, 7: 1, 8: 1, 9: 1, 10: 1, 11: 0, 12: 1, 13: 1, 14: 3, 15: 2}"
16208,CC1N2CC2(C#C)C1=O,0.5,Greedy-Distance,95,136,0.9978930908323639,0.0,0.9978930908323639,"{0: 0, 1: 0, 2: 0, 3: 0, 4: 0, 5: 0, 6: 2, 7: 0, 8: 0, 9: 1, 10: 0, 11: 0, 12: 3, 13: 0, 14: 0, 15: 2}"
16208,CC1N2CC2(C#C)C1=O,0.5,Metropolis-Hastings,2,43,0.9979474478587411,0.0,0.9979474478587411,"{0: 1, 1: 1, 2: 1, 3: 1, 4: 1, 5: 1, 6: 1, 7: 1, 8: 1, 9: 0, 10: 1, 11: 1, 12: 1, 13: 1, 14: 3, 15: 2}"
16208,CC1N2CC2(C#C)C1=O,1.0,Greedy-Distance,95,136,0.9978930908323639,0.0,0.9978930908323639,"{0: 0, 1: 0, 2: 0, 3: 0, 4: 0, 5: 0, 6: 2, 7: 0, 8: 0, 9: 1, 10: 0, 11: 0, 12: 3, 13: 0, 14: 0, 15: 2}"
16208,CC1N2CC2(C#C)C1=O,1.0,Metropolis-Hastings,2,43,0.9979474478587411,0.0,0.9979474478587411,"{0: 1, 1: 1, 2: 1, 3: 1, 4: 1, 5: 1, 6: 1, 7: 1, 8: 1, 9: 0, 10: 1, 11: 1, 12: 1, 13: 3, 14: 1, 15: 2}"
16208,CC1N2CC2(C#C)C1=O,1.5,Greedy-Distance,95,136,0.9978930908323639,0.0,0.9978930908323639,"{0: 0, 1: 0, 2: 0, 3: 0, 4: 0, 5: 0, 6: 2, 7: 0, 8: 0, 9: 1, 10: 0, 11: 0, 12: 3, 13: 0, 14: 0, 15: 2}"
16208,CC1N2CC2(C#C)C1=O,1.5,Metropolis-Hastings,2,43,0.9979474478587411,0.0,0.9979474478587411,"{0: 1, 1: 1, 2: 1, 3: 1, 4: 1, 5: 1, 6: 1, 7: 1, 8: 1, 9: 0, 10: 1, 11: 1, 12: 1, 13: 3, 14: 1, 15: 2}"
19388,CC12COCC1(C)C2O,0.01,Greedy-Distance,28,69,0.9981589402729902,0.0,0.9981589402729902,"{0: 1, 1: 1, 2: 2, 3: 1, 4: 1, 5: 1, 6: 1, 7: 1, 8: 3, 9: 1, 10: 1, 11: 0, 12: 2, 13: 2, 14: 1, 15: 1, 16: 1, 17: 1, 18: 1, 19: 1, 20: 3}"
19388,CC12COCC1(C)C2O,0.01,Metropolis-Hastings,15,56,0.9982589191096835,0.0,0.9982589191096835,"{0: 1, 1: 1, 2: 1, 3: 1, 4: 1, 5: 1, 6: 1, 7: 1, 8: 2, 9: 1, 10: 3, 11: 1, 12: 1, 13: 1, 14: 1, 15: 1, 16: 1, 17: 0, 18: 1, 19: 1, 20: 2}"
19388,CC12COCC1(C)C2O,0.1,Greedy-Distance,28,69,0.9981589402729902,0.0,0.9981589402729902,"{0: 1, 1: 1, 2: 2, 3: 1, 4: 1, 5: 1, 6: 1, 7: 1, 8: 3, 9: 1, 10: 1, 11: 0, 12: 2, 13: 2, 14: 1, 15: 1, 16: 1, 17: 1, 18: 1, 19: 1, 20: 3}"
19388,CC12COCC1(C)C2O,0.1,Metropolis-Hastings,9,50,0.9982589191096835,0.0,0.9982589191096835,"{0: 1, 1: 1, 2: 1, 3: 1, 4: 1, 5: 1, 6: 1, 7: 1, 8: 2, 9: 1, 10: 1, 11: 0, 12: 1, 13: 1, 14: 1, 15: 1, 16: 1, 17: 1, 18: 3, 19: 1, 20: 2}"
19388,CC12COCC1(C)C2O,0.5,Greedy-Distance,28,69,0.9981589402729902,0.0,0.9981589402729902,"{0: 1, 1: 1, 2: 2, 3: 1, 4: 1, 5: 1, 6: 1, 7: 1, 8: 3, 9: 1, 10: 1, 11: 0, 12: 2, 13: 2, 14: 1, 15: 1, 16: 1, 17: 1, 18: 1, 19: 1, 20: 3}"
19388,CC12COCC1(C)C2O,0.5,Metropolis-Hastings,5,46,0.9982589191096835,0.0,0.9982589191096835,"{0: 3, 1: 3, 2: 3, 3: 3, 4: 3, 5: 3, 6: 3, 7: 3, 8: 1, 9: 2, 10: 3, 11: 3, 12: 3, 13: 3, 14: 3, 15: 3, 16: 3, 17: 0, 18: 3, 19: 3, 20: 1}"
19388,CC12COCC1(C)C2O,1.0,Greedy-Distance,28,69,0.9981589402729902,0.0,0.9981589402729902,"{0: 1, 1: 1, 2: 2, 3: 1, 4: 1, 5: 1, 6: 1, 7: 1, 8: 3, 9: 1, 10: 1, 11: 0, 12: 2, 13: 2, 14: 1, 15: 1, 16: 1, 17: 1, 18: 1, 19: 1, 20: 3}"
19388,CC12COCC1(C)C2O,1.0,Metropolis-Hastings,2,43,0.9981589402729902,0.0,0.9981589402729902,"{0: 1, 1: 1, 2: 1, 3: 1, 4: 0, 5: 1, 6: 1, 7: 1, 8: 3, 9: 2, 10: 1, 11: 1, 12: 1, 13: 1, 14: 0, 15: 0, 16: 1, 17: 1, 18: 1, 19: 1, 20: 3}"
19388,CC12COCC1(C)C2O,1.5,Greedy-Distance,28,69,0.9981589402729902,0.0,0.9981589402729902,"{0: 1, 1: 1, 2: 2, 3: 1, 4: 1, 5: 1, 6: 1, 7: 1, 8: 3, 9: 1, 10: 1, 11: 0, 12: 2, 13: 2, 14: 1, 15: 1, 16: 1, 17: 1, 18: 1, 19: 1, 20: 3}"
19388,CC12COCC1(C)C2O,1.5,Metropolis-Hastings,28,69,0.9981589402729902,0.0,0.9981589402729902,"{0: 1, 1: 1, 2: 2, 3: 1, 4: 1, 5: 1, 6: 1, 7: 1, 8: 3, 9: 1, 10: 1, 11: 0, 12: 2, 13: 2, 14: 1, 15: 1, 16: 1, 17: 1, 18: 1, 19: 1, 20: 3}"
20385,CCC(COC=N)=NO,0.01,Greedy-Distance,45,86,0.9986338852072213,0.0,0.9986338852072213,"{0: 2, 1: 0, 2: 0, 3: 0, 4: 0, 5: 0, 6: 0, 7: 0, 8: 0, 9: 2, 10: 2, 11: 2, 12: 0, 13: 0, 14: 0, 15: 3, 16: 0, 17: 0, 18: 1}"
20385,CCC(COC=N)=NO,0.01,Metropolis-Hastings,5,46,0.9987723262043494,0.0,0.9987723262043494,"{0: 0, 1: 0, 2: 0, 3: 0, 4: 0, 5: 0, 6: 0, 7: 0, 8: 0, 9: 2, 10: 0, 11: 0, 12: 0, 13: 0, 14: 0, 15: 1, 16: 0, 17: 0, 18: 3}"
20385,CCC(COC=N)=NO,0.1,Greedy-Distance,45,86,0.9986338852072213,0.0,0.9986338852072213,"{0: 2, 1: 0, 2: 0, 3: 0, 4: 0, 5: 0, 6: 0, 7: 0, 8: 0, 9: 2, 10: 2, 11: 2, 12: 0, 13: 0, 14: 0, 15: 3, 16: 0, 17: 0, 18: 1}"
20385,CCC(COC=N)=NO,0.1,Metropolis-Hastings,3,44,0.9987723262043494,0.0,0.9987723262043494,"{0: 0, 1: 0, 2: 0, 3: 0, 4: 0, 5: 0, 6: 0, 7: 0, 8: 0, 9: 1, 10: 0, 11: 0, 12: 0, 13: 0, 14: 3, 15: 0, 16: 0, 17: 0, 18: 2}"
20385,CCC(COC=N)=NO,0.5,Greedy-Distance,45,86,0.9986338852072213,0.0,0.9986338852072213,"{0: 2, 1: 0, 2: 0, 3: 0, 4: 0, 5: 0, 6: 0, 7: 0, 8: 0, 9: 2, 10: 2, 11: 2, 12: 0, 13: 0, 14: 0, 15: 3, 16: 0, 17: 0, 18: 1}"
20385,CCC(COC=N)=NO,0.5,Metropolis-Hastings,7,48,0.9987723262043494,0.0,0.9987723262043494,"{0: 1, 1: 1, 2: 1, 3: 1, 4: 1, 5: 1, 6: 1, 7: 1, 8: 1, 9: 1, 10: 1, 11: 0, 12: 1, 13: 1, 14: 3, 15: 1, 16: 1, 17: 1, 18: 2}"
20385,CCC(COC=N)=NO,1.0,Greedy-Distance,45,86,0.9986338852072213,0.0,0.9986338852072213,"{0: 2, 1: 0, 2: 0, 3: 0, 4: 0, 5: 0, 6: 0, 7: 0, 8: 0, 9: 2, 10: 2, 11: 2, 12: 0, 13: 0, 14: 0, 15: 3, 16: 0, 17: 0, 18: 1}"
20385,CCC(COC=N)=NO,1.0,Metropolis-Hastings,40,81,0.9986338852072213,0.0,0.9986338852072213,"{0: 1, 1: 3, 2: 3, 3: 3, 4: 3, 5: 3, 6: 3, 7: 3, 8: 3, 9: 1, 10: 1, 11: 1, 12: 3, 13: 3, 14: 2, 15: 3, 16: 3, 17: 3, 18: 0}"
20385,CCC(COC=N)=NO,1.5,Greedy-Distance,45,86,0.9986338852072213,0.0,0.9986338852072213,"{0: 2, 1: 0, 2: 0, 3: 0, 4: 0, 5: 0, 6: 0, 7: 0, 8: 0, 9: 2, 10: 2, 11: 2, 12: 0, 13: 0, 14: 0, 15: 3, 16: 0, 17: 0, 18: 1}"
20385,CCC(COC=N)=NO,1.5,Metropolis-Hastings,45,86,0.9986338852072213,0.0,0.9986338852072213,"{0: 2, 1: 0, 2: 0, 3: 0, 4: 0, 5: 0, 6: 0, 7: 0, 8: 0, 9: 2, 10: 2, 11: 2, 12: 0, 13: 0, 14: 0, 15: 3, 16: 0, 17: 0, 18: 1}"
23036,NC(=O)C(=O)C(O)CO,0.01,Greedy-Distance,63,104,0.9979421838971576,0.0,0.9979421838971576,"{0: 1, 1: 1, 2: 1, 3: 1, 4: 1, 5: 1, 6: 1, 7: 1, 8: 1, 9: 2, 10: 1, 11: 3, 12: 1, 13: 1, 14: 1, 15: 0}"
23036,NC(=O)C(=O)C(O)CO,0.01,Metropolis-Hastings,1,42,0.9979421838971576,0.0,0.9979421838971576,"{0: 0, 1: 0, 2: 0, 3: 0, 4: 0, 5: 0, 6: 0, 7: 0, 8: 0, 9: 0, 10: 2, 11: 3, 12: 0, 13: 0, 14: 0, 15: 1}"
23036,NC(=O)C(=O)C(O)CO,0.1,Greedy-Distance,28,69,0.9965900986995369,0.0,0.9965900986995369,"{0: 1, 1: 1, 2: 1, 3: 1, 4: 1, 5: 0, 6: 0, 7: 0, 8: 0, 9: 1, 10: 2, 11: 0, 12: 0, 13: 0, 14: 0, 15: 3}"
23036,NC(=O)C(=O)C(O)CO,0.1,Metropolis-Hastings,7,48,0.9979421838971576,0.0,0.9979421838971576,"{0: 3, 1: 3, 2: 3, 3: 3, 4: 3, 5: 3, 6: 3, 7: 3, 8: 3, 9: 3, 10: 1, 11: 0, 12: 3, 13: 3, 14: 3, 15: 2}"
23036,NC(=O)C(=O)C(O)CO,0.5,Greedy-Distance,28,69,0.9965900986995369,0.0,0.9965900986995369,"{0: 1, 1: 1, 2: 1, 3: 1, 4: 1, 5: 0, 6: 0, 7: 0, 8: 0, 9: 1, 10: 2, 11: 0, 12: 0, 13: 0, 14: 0, 15: 3}"
23036,NC(=O)C(=O)C(O)CO,0.5,Metropolis-Hastings,16,57,0.9979421838971576,0.0,0.9979421838971576,"{0: 2, 1: 2, 2: 2, 3: 2, 4: 2, 5: 2, 6: 2, 7: 2, 8: 2, 9: 1, 10: 2, 11: 0, 12: 2, 13: 2, 14: 2, 15: 3}"
23036,NC(=O)C(=O)C(O)CO,1.0,Greedy-Distance,28,69,0.9965900986995369,0.0,0.9965900986995369,"{0: 1, 1: 1, 2: 1, 3: 1, 4: 1, 5: 0, 6: 0, 7: 0, 8: 0, 9: 1, 10: 2, 11: 0, 12: 0, 13: 0, 14: 0, 15: 3}"
23036,NC(=O)C(=O)C(O)CO,1.0,Metropolis-Hastings,63,104,0.9979421838971576,0.0,0.9979421838971576,"{0: 1, 1: 1, 2: 1, 3: 1, 4: 1, 5: 1, 6: 1, 7: 1, 8: 1, 9: 2, 10: 1, 11: 3, 12: 1, 13: 1, 14: 1, 15: 0}"
23036,NC(=O)C(=O)C(O)CO,1.5,Greedy-Distance,28,69,0.9965900986995369,0.0,0.9965900986995369,"{0: 1, 1: 1, 2: 1, 3: 1, 4: 1, 5: 0, 6: 0, 7: 0, 8: 0, 9: 1, 10: 2, 11: 0, 12: 0, 13: 0, 14: 0, 15: 3}"
23036,NC(=O)C(=O)C(O)CO,1.5,Metropolis-Hastings,24,65,0.9975796180379222,0.0,0.9975796180379222,"{0: 1, 1: 1, 2: 1, 3: 1, 4: 0, 5: 1, 6: 1, 7: 1, 8: 1, 9: 1, 10: 3, 11: 1, 12: 1, 13: 1, 14: 1, 15: 2}"
25709,C1NC2C3COCC12O3,0.01,Greedy-Distance,42,83,0.9979238397389699,0.0,0.9979238397389699,"{0: 2, 1: 2, 2: 2, 3: 3, 4: 3, 5: 3, 6: 3, 7: 2, 8: 2, 9: 0, 10: 2, 11: 2, 12: 1, 13: 3, 14: 3, 15: 3, 16: 3, 17: 3}"
25709,C1NC2C3COCC12O3,0.01,Metropolis-Hastings,6,47,0.9984996229340339,0.0,0.9984996229340339,"{0: 3, 1: 3, 2: 3, 3: 3, 4: 3, 5: 3, 6: 3, 7: 3, 8: 3, 9: 1, 10: 3, 11: 3, 12: 2, 13: 3, 14: 0, 15: 3, 16: 3, 17: 3}"
25709,C1NC2C3COCC12O3,0.1,Greedy-Distance,31,72,0.9975073258337587,0.0,0.9975073258337587,"{0: 0, 1: 0, 2: 0, 3: 2, 4: 2, 5: 0, 6: 0, 7: 0, 8: 0, 9: 0, 10: 1, 11: 0, 12: 0, 13: 3, 14: 2, 15: 2, 16: 0, 17: 0}"
25709,C1NC2C3COCC12O3,0.1,Metropolis-Hastings,2,43,0.9984996229340339,0.0,0.9984996229340339,"{0: 0, 1: 0, 2: 0, 3: 0, 4: 0, 5: 0, 6: 0, 7: 0, 8: 0, 9: 0, 10: 1, 11: 0, 12: 2, 13: 0, 14: 0, 15: 3, 16: 0, 17: 0}"
25709,C1NC2C3COCC12O3,0.5,Greedy-Distance,31,72,0.9975073258337587,0.0,0.9975073258337587,"{0: 0, 1: 0, 2: 0, 3: 2, 4: 2, 5: 0, 6: 0, 7: 0, 8: 0, 9: 0, 10: 1, 11: 0, 12: 0, 13: 3, 14: 2, 15: 2, 16: 0, 17: 0}"
25709,C1NC2C3COCC12O3,0.5,Metropolis-Hastings,26,67,0.9984996229340339,0.0,0.9984996229340339,"{0: 3, 1: 3, 2: 3, 3: 3, 4: 3, 5: 3, 6: 3, 7: 3, 8: 3, 9: 3, 10: 0, 11: 3, 12: 1, 13: 3, 14: 2, 15: 3, 16: 3, 17: 3}"
25709,C1NC2C3COCC12O3,1.0,Greedy-Distance,31,72,0.9975073258337587,0.0,0.9975073258337587,"{0: 0, 1: 0, 2: 0, 3: 2, 4: 2, 5: 0, 6: 0, 7: 0, 8: 0, 9: 0, 10: 1, 11: 0, 12: 0, 13: 3, 14: 2, 15: 2, 16: 0, 17: 0}"
25709,C1NC2C3COCC12O3,1.0,Metropolis-Hastings,39,80,0.9984996229340338,0.0,0.9984996229340338,"{0: 1, 1: 1, 2: 1, 3: 1, 4: 1, 5: 1, 6: 1, 7: 1, 8: 1, 9: 1, 10: 3, 11: 1, 12: 0, 13: 1, 14: 1, 15: 2, 16: 1, 17: 1}"
25709,C1NC2C3COCC12O3,1.5,Greedy-Distance,31,72,0.9975073258337587,0.0,0.9975073258337587,"{0: 0, 1: 0, 2: 0, 3: 2, 4: 2, 5: 0, 6: 0, 7: 0, 8: 0, 9: 0, 10: 1, 11: 0, 12: 0, 13: 3, 14: 2, 15: 2, 16: 0, 17: 0}"
25709,C1NC2C3COCC12O3,1.5,Metropolis-Hastings,45,86,0.9984996229340339,0.0,0.9984996229340339,"{0: 1, 1: 1, 2: 1, 3: 1, 4: 1, 5: 1, 6: 1, 7: 1, 8: 1, 9: 2, 10: 1, 11: 1, 12: 0, 13: 1, 14: 3, 15: 1, 16: 1, 17: 1}"
