k,Initialization,Seed,Actual k,Raw Score,Connectivity Penalty,Adjusted Score,Within Fraction,Between Fraction,Higher Fraction,Within Sum,Between Sum,Higher Sum
2,1,20042,2,0.999654782968768,0.0,0.999654782968768,0.999309565937517,0.0006904340624264853,0.0,-1766.9578621410326,1.2208107842437392,0.0
2,2,20043,2,0.999582660447469,0.0,0.999582660447469,0.9991653208949193,0.0008346791050240878,0.0,-1764.263227535052,-1.4738238217344377,0.0
2,3,20044,2,0.9994714591800825,0.0,0.9994714591800825,0.9989429183601461,0.001057081639797273,0.0,-1767.6075340803804,1.8704827235884718,0.0
2,4,20045,2,0.999582660447469,0.0,0.999582660447469,0.9991653208949193,0.0008346791050240855,0.0,-1764.2632275350525,-1.4738238217344342,0.0
2,5,20046,2,0.999582660447469,0.0,0.999582660447469,0.9991653208949193,0.0008346791050241086,0.0,-1764.2632275350547,-1.4738238217344768,0.0
2,6,20047,2,0.9989338414385386,0.0,0.9989338414385386,0.9978676828770584,0.002132317122884946,0.0,-1761.9719400076656,-3.765111349120664,0.0
2,7,20048,2,0.999582660447469,0.0,0.999582660447469,0.9991653208949193,0.0008346791050240792,0.0,-1764.2632275350531,-1.4738238217344235,0.0
2,8,20049,2,0.999654782968768,0.0,0.999654782968768,0.9993095659375169,0.0006904340624265155,0.0,-1766.9578621410292,1.2208107842437905,0.0
2,9,20050,2,0.9993542967785766,0.0,0.9993542967785766,0.9987085935571341,0.0012914064428091458,0.0,-1763.456767152358,-2.280284204429108,0.0
2,10,20051,2,0.999654782968768,0.0,0.999654782968768,0.9993095659375169,0.0006904340624265134,0.0,-1766.9578621410321,1.2208107842437887,0.0
2,11,20052,2,0.999654782968768,0.0,0.999654782968768,0.999309565937517,0.0006904340624264574,0.0,-1766.957862141032,1.2208107842436895,0.0
2,12,20053,2,0.999582660447469,0.0,0.999582660447469,0.9991653208949193,0.0008346791050240964,0.0,-1764.2632275350525,-1.4738238217344533,0.0
2,13,20054,2,0.9994714591800825,0.0,0.9994714591800825,0.9989429183601461,0.0010570816397973387,0.0,-1767.6075340803748,1.870482723588582,0.0
2,14,20055,2,0.9993542967785766,0.0,0.9993542967785766,0.9987085935571341,0.0012914064428091712,0.0,-1763.456767152359,-2.2802842044291536,0.0
2,15,20056,2,0.9989338414385386,0.0,0.9989338414385386,0.9978676828770584,0.0021323171228849573,0.0,-1761.9719400076663,-3.7651113491206853,0.0
2,16,20057,2,0.9984985514762773,0.0,0.9984985514762773,0.9969971029525359,0.0030028970474079335,0.0,-1771.0714150246245,5.334363667834276,0.0
2,17,20058,2,0.9989338414385386,0.0,0.9989338414385386,0.9978676828770583,0.0021323171228850046,0.0,-1761.9719400076651,-3.765111349120767,0.0
2,18,20059,2,0.999654782968768,0.0,0.999654782968768,0.999309565937517,0.0006904340624264924,0.0,-1766.9578621410299,1.22081078424375,0.0
2,19,20060,2,0.9994714591800825,0.0,0.9994714591800825,0.9989429183601461,0.0010570816397973836,0.0,-1767.6075340803768,1.8704827235886636,0.0
2,20,20061,2,0.9994714591800825,0.0,0.9994714591800825,0.9989429183601461,0.0010570816397973627,0.0,-1767.6075340803764,1.8704827235886263,0.0
2,21,20062,2,0.999582660447469,0.0,0.999582660447469,0.9991653208949193,0.0008346791050240752,0.0,-1764.263227535052,-1.4738238217344155,0.0
2,22,20063,2,0.999582660447469,0.0,0.999582660447469,0.9991653208949193,0.000834679105024087,0.0,-1764.263227535052,-1.4738238217344364,0.0
2,23,20064,2,0.9994714591800825,0.0,0.9994714591800825,0.998942918360146,0.0010570816397973992,0.0,-1767.6075340803764,1.8704827235886912,0.0
2,24,20065,2,0.999582660447469,0.0,0.999582660447469,0.9991653208949193,0.0008346791050240597,0.0,-1764.2632275350506,-1.473823821734387,0.0
2,25,20066,2,0.999582660447469,0.0,0.999582660447469,0.9991653208949193,0.0008346791050240804,0.0,-1764.2632275350516,-1.4738238217344244,0.0
2,26,20067,2,0.9989338414385386,0.0,0.9989338414385386,0.9978676828770583,0.002132317122885018,0.0,-1761.9719400076701,-3.765111349120801,0.0
2,27,20068,2,0.9995461550660695,0.0,0.9995461550660695,0.9990923101321203,0.0009076898678229819,0.0,-1764.1343097260321,-1.602741630756276,0.0
2,28,20069,2,0.999654782968768,0.0,0.999654782968768,0.9993095659375169,0.0006904340624265121,0.0,-1766.9578621410305,1.2208107842437852,0.0
2,29,20070,2,0.9994714591800825,0.0,0.9994714591800825,0.998942918360146,0.0010570816397974126,0.0,-1767.6075340803766,1.8704827235887151,0.0
2,30,20071,2,0.9994714591800825,0.0,0.9994714591800825,0.9989429183601461,0.0010570816397973836,0.0,-1767.607534080375,1.8704827235886619,0.0
2,31,20072,2,0.9994714591800825,0.0,0.9994714591800825,0.9989429183601461,0.001057081639797378,0.0,-1767.6075340803761,1.870482723588653,0.0
2,32,20073,2,0.9989338414385386,0.0,0.9989338414385386,0.9978676828770584,0.002132317122884963,0.0,-1761.9719400076674,-3.765111349120698,0.0
2,33,20074,2,0.999654782968768,0.0,0.999654782968768,0.999309565937517,0.0006904340624264677,0.0,-1766.9578621410312,1.2208107842437073,0.0
2,34,20075,2,0.999582660447469,0.0,0.999582660447469,0.9991653208949193,0.0008346791050240572,0.0,-1764.2632275350538,-1.4738238217343853,0.0
2,35,20076,2,0.999582660447469,0.0,0.999582660447469,0.9991653208949193,0.0008346791050240762,0.0,-1764.2632275350509,-1.4738238217344164,0.0
2,36,20077,2,0.9993542967785766,0.0,0.9993542967785766,0.9987085935571341,0.0012914064428091387,0.0,-1763.456767152359,-2.2802842044290963,0.0
2,37,20078,2,0.9993542967785766,0.0,0.9993542967785766,0.9987085935571341,0.0012914064428091317,0.0,-1763.456767152357,-2.2802842044290816,0.0
2,38,20079,2,0.9993542967785766,0.0,0.9993542967785766,0.9987085935571341,0.0012914064428091265,0.0,-1763.4567671523582,-2.280284204429074,0.0
2,39,20080,2,0.999654782968768,0.0,0.999654782968768,0.999309565937517,0.0006904340624264999,0.0,-1766.9578621410312,1.220810784243764,0.0
2,40,20081,2,0.9989338414385386,0.0,0.9989338414385386,0.9978676828770584,0.0021323171228849634,0.0,-1761.9719400076647,-3.7651113491206925,0.0
2,41,20082,2,0.9993542967785766,0.0,0.9993542967785766,0.9987085935571341,0.0012914064428091385,0.0,-1763.4567671523578,-2.2802842044290945,0.0
2,42,20083,2,0.999582660447469,0.0,0.999582660447469,0.9991653208949193,0.0008346791050240976,0.0,-1764.2632275350527,-1.4738238217344555,0.0
2,43,20084,2,0.999582660447469,0.0,0.999582660447469,0.9991653208949193,0.000834679105024097,0.0,-1764.2632275350516,-1.4738238217344537,0.0
2,44,20085,2,0.999654782968768,0.0,0.999654782968768,0.999309565937517,0.0006904340624264818,0.0,-1766.9578621410312,1.2208107842437321,0.0
2,45,20086,2,0.999582660447469,0.0,0.999582660447469,0.9991653208949193,0.0008346791050240754,0.0,-1764.2632275350516,-1.4738238217344155,0.0
2,46,20087,2,0.999654782968768,0.0,0.999654782968768,0.999309565937517,0.0006904340624264795,0.0,-1766.957862141032,1.2208107842437286,0.0
2,47,20088,2,0.999582660447469,0.0,0.999582660447469,0.9991653208949193,0.0008346791050240781,0.0,-1764.263227535051,-1.47382382173442,0.0
2,48,20089,2,0.999582660447469,0.0,0.999582660447469,0.9991653208949193,0.0008346791050240592,0.0,-1764.2632275350509,-1.4738238217343862,0.0
2,49,20090,2,0.999582660447469,0.0,0.999582660447469,0.9991653208949193,0.0008346791050241062,0.0,-1764.2632275350513,-1.4738238217344697,0.0
2,50,20091,2,0.999582660447469,0.0,0.999582660447469,0.9991653208949193,0.0008346791050240733,0.0,-1764.263227535053,-1.4738238217344128,0.0
2,51,20092,2,0.999582660447469,0.0,0.999582660447469,0.9991653208949193,0.0008346791050240613,0.0,-1764.2632275350527,-1.4738238217343915,0.0
2,52,20093,2,0.9993542967785766,0.0,0.9993542967785766,0.9987085935571341,0.0012914064428091658,0.0,-1763.4567671523585,-2.2802842044291434,0.0
2,53,20094,2,0.999582660447469,0.0,0.999582660447469,0.9991653208949193,0.0008346791050240971,0.0,-1764.2632275350536,-1.4738238217344555,0.0
2,54,20095,2,0.999654782968768,0.0,0.999654782968768,0.999309565937517,0.000690434062426486,0.0,-1766.9578621410308,1.2208107842437392,0.0
2,55,20096,2,0.999654782968768,0.0,0.999654782968768,0.999309565937517,0.000690434062426462,0.0,-1766.9578621410308,1.2208107842436966,0.0
2,56,20097,2,0.9994714591800825,0.0,0.9994714591800825,0.998942918360146,0.0010570816397973968,0.0,-1767.6075340803754,1.8704827235886858,0.0
2,57,20098,2,0.9989338414385386,0.0,0.9989338414385386,0.9978676828770583,0.0021323171228849976,0.0,-1761.971940007666,-3.7651113491207564,0.0
2,58,20099,2,0.9993542967785766,0.0,0.9993542967785766,0.9987085935571341,0.0012914064428091116,0.0,-1763.4567671523582,-2.2802842044290474,0.0
2,59,20100,2,0.9994714591800825,0.0,0.9994714591800825,0.9989429183601461,0.0010570816397973528,0.0,-1767.6075340803757,1.8704827235886081,0.0
2,60,20101,2,0.9993542967785766,0.0,0.9993542967785766,0.9987085935571341,0.0012914064428091183,0.0,-1763.4567671523573,-2.280284204429058,0.0
2,61,20102,2,0.999582660447469,0.0,0.999582660447469,0.9991653208949193,0.0008346791050240884,0.0,-1764.2632275350525,-1.4738238217344393,0.0
2,62,20103,2,0.999654782968768,0.0,0.999654782968768,0.999309565937517,0.0006904340624264858,0.0,-1766.9578621410312,1.2208107842437392,0.0
2,63,20104,2,0.999654782968768,0.0,0.999654782968768,0.999309565937517,0.0006904340624264846,0.0,-1766.9578621410315,1.2208107842437372,0.0
2,64,20105,2,0.999582660447469,0.0,0.999582660447469,0.9991653208949193,0.0008346791050241177,0.0,-1764.2632275350547,-1.4738238217344928,0.0
2,65,20106,2,0.999582660447469,0.0,0.999582660447469,0.9991653208949193,0.0008346791050240929,0.0,-1764.263227535054,-1.4738238217344484,0.0
2,66,20107,2,0.9994714591800825,0.0,0.9994714591800825,0.998942918360146,0.0010570816397974237,0.0,-1767.6075340803748,1.870482723588733,0.0
2,67,20108,2,0.999582660447469,0.0,0.999582660447469,0.9991653208949193,0.0008346791050241275,0.0,-1764.2632275350518,-1.4738238217345077,0.0
2,68,20109,2,0.999582660447469,0.0,0.999582660447469,0.9991653208949193,0.0008346791050240714,0.0,-1764.2632275350525,-1.4738238217344093,0.0
2,69,20110,2,0.999582660447469,0.0,0.999582660447469,0.9991653208949193,0.000834679105024093,0.0,-1764.2632275350538,-1.4738238217344484,0.0
2,70,20111,2,0.999582660447469,0.0,0.999582660447469,0.9991653208949193,0.0008346791050240773,0.0,-1764.2632275350506,-1.473823821734418,0.0
2,71,20112,2,0.999582660447469,0.0,0.999582660447469,0.9991653208949193,0.0008346791050240656,0.0,-1764.263227535051,-1.4738238217343977,0.0
2,72,20113,2,0.999582660447469,0.0,0.999582660447469,0.9991653208949193,0.0008346791050240682,0.0,-1764.263227535052,-1.473823821734403,0.0
2,73,20114,2,0.999582660447469,0.0,0.999582660447469,0.9991653208949193,0.000834679105024054,0.0,-1764.2632275350506,-1.4738238217343769,0.0
2,74,20115,2,0.9995461550660695,0.0,0.9995461550660695,0.9990923101321203,0.000907689867823035,0.0,-1764.1343097260392,-1.6027416307563762,0.0
2,75,20116,2,0.999582660447469,0.0,0.999582660447469,0.9991653208949193,0.0008346791050240584,0.0,-1764.2632275350502,-1.4738238217343844,0.0
2,76,20117,2,0.999582660447469,0.0,0.999582660447469,0.9991653208949193,0.0008346791050240791,0.0,-1764.2632275350534,-1.4738238217344235,0.0
2,77,20118,2,0.999654782968768,0.0,0.999654782968768,0.9993095659375169,0.0006904340624265274,0.0,-1766.9578621410324,1.2208107842438136,0.0
2,78,20119,2,0.9994714591800825,0.0,0.9994714591800825,0.9989429183601461,0.0010570816397973692,0.0,-1767.6075340803757,1.870482723588637,0.0
2,79,20120,2,0.9993542967785766,0.0,0.9993542967785766,0.9987085935571341,0.0012914064428091738,0.0,-1763.4567671523585,-2.2802842044291576,0.0
2,80,20121,2,0.999582660447469,0.0,0.999582660447469,0.9991653208949193,0.0008346791050241011,0.0,-1764.2632275350536,-1.4738238217344626,0.0
2,81,20122,2,0.999582660447469,0.0,0.999582660447469,0.9991653208949193,0.0008346791050240854,0.0,-1764.2632275350527,-1.4738238217344342,0.0
2,82,20123,2,0.9989338414385386,0.0,0.9989338414385386,0.9978676828770583,0.002132317122885003,0.0,-1761.9719400076667,-3.765111349120767,0.0
2,83,20124,2,0.9994714591800825,0.0,0.9994714591800825,0.9989429183601461,0.0010570816397973445,0.0,-1767.6075340803814,1.8704827235885992,0.0
2,84,20125,2,0.999582660447469,0.0,0.999582660447469,0.9991653208949193,0.000834679105024072,0.0,-1764.2632275350513,-1.4738238217344093,0.0
2,85,20126,2,0.999582660447469,0.0,0.999582660447469,0.9991653208949193,0.0008346791050240453,0.0,-1764.2632275350525,-1.473823821734363,0.0
2,86,20127,2,0.999654782968768,0.0,0.999654782968768,0.999309565937517,0.0006904340624264891,0.0,-1766.9578621410333,1.2208107842437463,0.0
2,87,20128,2,0.9994714591800825,0.0,0.9994714591800825,0.9989429183601461,0.0010570816397973578,0.0,-1767.6075340803795,1.870482723588621,0.0
2,88,20129,2,0.999654782968768,0.0,0.999654782968768,0.999309565937517,0.0006904340624264922,0.0,-1766.9578621410303,1.22081078424375,0.0
2,89,20130,2,0.999654782968768,0.0,0.999654782968768,0.999309565937517,0.0006904340624264584,0.0,-1766.9578621410344,1.2208107842436928,0.0
2,90,20131,2,0.9994714591800825,0.0,0.9994714591800825,0.9989429183601461,0.0010570816397973504,0.0,-1767.6075340803768,1.870482723588605,0.0
2,91,20132,2,0.999582660447469,0.0,0.999582660447469,0.9991653208949193,0.0008346791050240974,0.0,-1764.263227535053,-1.4738238217344555,0.0
2,92,20133,2,0.999654782968768,0.0,0.999654782968768,0.999309565937517,0.0006904340624264921,0.0,-1766.9578621410296,1.2208107842437492,0.0
2,93,20134,2,0.999582660447469,0.0,0.999582660447469,0.9991653208949193,0.0008346791050241099,0.0,-1764.263227535052,-1.4738238217344768,0.0
2,94,20135,2,0.999654782968768,0.0,0.999654782968768,0.999309565937517,0.0006904340624264973,0.0,-1766.95786214103,1.2208107842437588,0.0
2,95,20136,2,0.9994714591800825,0.0,0.9994714591800825,0.9989429183601461,0.0010570816397973933,0.0,-1767.607534080375,1.8704827235886792,0.0
2,96,20137,2,0.999582660447469,0.0,0.999582660447469,0.9991653208949193,0.0008346791050240579,0.0,-1764.2632275350513,-1.4738238217343844,0.0
2,97,20138,2,0.9994714591800825,0.0,0.9994714591800825,0.998942918360146,0.0010570816397973918,0.0,-1767.6075340803795,1.8704827235886814,0.0
2,98,20139,2,0.999582660447469,0.0,0.999582660447469,0.9991653208949193,0.0008346791050240796,0.0,-1764.2632275350566,-1.473823821734427,0.0
2,99,20140,2,0.999582660447469,0.0,0.999582660447469,0.9991653208949193,0.0008346791050241107,0.0,-1764.2632275350547,-1.4738238217344803,0.0
2,100,20141,2,0.999582660447469,0.0,0.999582660447469,0.9991653208949193,0.0008346791050240935,0.0,-1764.2632275350525,-1.4738238217344484,0.0
3,1,30042,3,0.9992380197071412,0.0,0.9992380197071412,0.9984760394142635,0.001523960585679965,0.0,-1765.484038319301,-0.2530130374906807,0.0
3,2,30043,3,0.9990550019515275,0.0,0.9990550019515275,0.9981100039030362,0.0018899960969073583,0.0,-1766.1337102586408,0.39665890185423547,0.0
3,3,30044,3,0.999216484851071,0.0,0.999216484851071,0.9984329697021231,0.0015670302978202824,0.0,-1768.5127139088756,2.7756625520913905,0.0
3,4,30045,3,0.9989369572260646,0.0,0.9989369572260646,0.9980691784218565,0.0017355576083404928,0.00019526396974637748,-1762.3277281568003,-3.064538373811154,-0.3447848261762091
3,5,30046,3,0.996956442937524,0.0,0.996956442937524,0.994579875308555,0.004753135257862633,0.00066698943352588,-1758.5123546848274,-8.403997790369926,1.1793011184100375
3,6,30047,3,0.9988271210807181,0.0,0.9988271210807181,0.9976542421614174,0.0023457578385260845,0.0,-1765.3272498759445,-0.4098014808404089,0.0
3,7,30048,3,0.9990550019515275,0.0,0.9990550019515275,0.9981100039030362,0.0018899960969073753,0.0,-1766.1337102586397,0.3966589018542397,0.0
3,8,30049,3,0.9989369572260646,0.0,0.9989369572260646,0.9980691784218565,0.0017355576083404832,0.00019526396974635943,-1762.3277281567998,-3.064538373811136,-0.3447848261761771
3,9,30050,3,0.9988562884865276,0.0,0.9988562884865276,0.9977346829587009,0.0022432110555779977,2.2105985664409304e-05,-1761.8149904378417,-3.9610960027103723,0.03903508376241588
3,10,30051,3,0.9992380197071412,0.0,0.9992380197071412,0.9984760394142635,0.0015239605856799702,0.0,-1765.4840383192966,-0.2530130374907007,0.0
3,11,30052,3,0.9983562409481572,0.0,0.9983562409481572,0.9972733789849569,0.0021657239263253697,0.0005608970886613298,-1766.0048741432374,1.2610780094848062,-0.9932552230330832
3,12,30053,3,0.996956442937524,0.0,0.996956442937524,0.994579875308555,0.00475313525786262,0.0006669894335258758,-1758.5123546848267,-8.4039977903699,1.1793011184100295
3,13,30054,3,0.9980456872680218,0.0,0.9980456872680218,0.9975049710025143,0.001081432530939489,0.001413596466489635,-1766.325228414934,-1.9149393915373463,2.503116449684895
3,14,30055,3,0.998705647717519,0.0,0.998705647717519,0.9978138091677409,0.0017836770994811447,0.00040251373272147666,-1766.401720233157,1.3772276156512535,-0.7125587392799455
3,15,30056,3,0.9985165018860266,0.0,0.9985165018860266,0.9972282677417806,0.002576468288416328,0.00019526396974635393,-1760.8429010121067,-4.5493655185027695,-0.3447848261761671
3,16,30057,3,0.9990099713783599,0.0,0.9990099713783599,0.9980199427567008,0.001980057243242572,0.0,-1764.6775779366012,-1.0594734201854117,0.0
3,17,30058,3,0.9989369572260646,0.0,0.9989369572260646,0.9980691784218564,0.0017355576083404965,0.0001952639697463654,-1762.3277281568026,-3.0645383738111645,-0.3447848261761882
3,18,30059,3,0.9990550019515275,0.0,0.9990550019515275,0.9981100039030362,0.0018899960969073618,0.0,-1766.1337102586415,0.39665890185424213,0.0
3,19,30060,3,0.9964776810095466,0.0,0.9964776810095466,0.996131346112842,0.0006926697933340103,0.0031759840937675816,-1770.1499620958562,-1.2308913008307707,5.643802039899734
3,20,30061,3,0.9991288155135575,0.0,0.9991288155135575,0.9984528949968426,0.0013518410333543487,0.00019526396974637702,-1763.0052707304715,-2.3869958001383536,-0.344784826176208
3,21,30062,3,0.9985165018860265,0.0,0.9985165018860265,0.9972282677417806,0.0025764682884163444,0.00019526396974637867,-1760.8429010121074,-4.5493655185028,-0.344784826176211
3,22,30063,3,0.9988562884865276,0.0,0.9988562884865276,0.9977346829587009,0.0022432110555779495,2.2105985664417533e-05,-1761.8149904378397,-3.961096002710282,0.03903508376243037
3,23,30064,3,0.9964776810095466,0.0,0.9964776810095466,0.996131346112842,0.0006926697933340102,0.0031759840937675824,-1770.1499620958566,-1.2308913008307707,5.643802039899738
3,24,30065,3,0.9984075546519208,0.0,0.9984075546519208,0.9968151093038228,0.00318489069612071,0.0,-1763.8424227312544,-1.8946286255320923,0.0
3,25,30066,3,0.9985165018860265,0.0,0.9985165018860265,0.9972282677417806,0.0025764682884163023,0.00019526396974637244,-1760.8429010121092,-4.54936551850273,-0.3447848261762003
3,26,30067,3,0.9969385351230137,0.0,0.9969385351230137,0.9938770702460087,0.006122929753934881,0.0,-1764.920703660478,-0.8163476963109302,0.0
3,27,30068,3,0.9989369572260646,0.0,0.9989369572260646,0.9980691784218565,0.001735557608340474,0.00019526396974635943,-1762.3277281568044,-3.0645383738111276,-0.344784826176178
3,28,30069,3,0.9989369572260646,0.0,0.9989369572260646,0.9980691784218565,0.0017355576083404917,0.00019526396974637946,-1762.3277281567991,-3.06453837381115,-0.34478482617621237
3,29,30070,3,0.9985900966316988,0.0,0.9985900966316988,0.997180193263379,0.0028198067365644004,0.0,-1763.1927507919088,-2.5443005648770187,0.0
3,30,30071,3,0.997699264371202,0.0,0.997699264371202,0.996091904654889,0.0032147194325507352,0.0006933759125037403,-1758.8363826057898,-5.676349211771823,-1.2243195392262458
3,31,30072,3,0.9992380197071412,0.0,0.9992380197071412,0.9984760394142633,0.001523960585679979,0.0,-1765.4840383192961,-0.2530130374906807,0.0
3,32,30073,3,0.9980456872680218,0.0,0.9980456872680218,0.9975049710025142,0.0010814325309395146,0.0014135964664896347,-1766.325228414934,-1.9149393915373918,2.503116449684895
3,33,30074,3,0.999216484851071,0.0,0.999216484851071,0.9984329697021231,0.0015670302978202791,0.0,-1768.5127139088768,2.7756625520913865,0.0
3,34,30075,3,0.9972788090311641,0.0,0.9972788090311641,0.9950867741922438,0.004384069677764961,0.0005291561299345384,-1757.0615865064515,-7.741114265759851,-0.9343505845780349
3,35,30076,3,0.9991288155135575,0.0,0.9991288155135575,0.9984528949968426,0.0013518410333543407,0.0001952639697463599,-1763.0052707304742,-2.386995800138343,-0.3447848261761782
3,36,30077,3,0.9990099713783599,0.0,0.9990099713783599,0.9980199427567008,0.0019800572432425553,0.0,-1764.6775779366021,-1.0594734201853242,0.0
3,37,30078,3,0.9985900966316988,0.0,0.9985900966316988,0.997180193263379,0.002819806736564423,0.0,-1763.192750791913,-2.5443005648769943,0.0
3,38,30079,3,0.9982428740244308,0.0,0.9982428740244308,0.9964857480488428,0.0035142519511008846,0.0,-1771.986218530514,6.249167173728119,0.0
3,39,30080,3,0.9985900966316988,0.0,0.9985900966316988,0.997180193263379,0.0028198067365644125,0.0,-1763.192750791909,-2.544300564876982,0.0
3,40,30081,3,0.9990550019515275,0.0,0.9990550019515275,0.9981100039030362,0.001889996096907373,0.0,-1766.1337102586397,0.39665890185424346,0.0
3,41,30082,3,0.9991288155135575,0.0,0.9991288155135575,0.9984528949968425,0.0013518410333544072,0.00019526396974636076,-1763.0052707304728,-2.386995800138459,-0.34478482617617956
3,42,30083,3,0.9988562884865276,0.0,0.9988562884865276,0.9977346829587009,0.0022432110555779612,2.2105985664425082e-05,-1761.8149904378395,-3.961096002710303,0.03903508376244369
3,43,30084,3,0.9991288155135575,0.0,0.9991288155135575,0.9984528949968425,0.0013518410333543801,0.00019526396974636987,-1763.0052707304717,-2.3869958001384095,-0.34478482617619544
3,44,30085,3,0.9992380197071412,0.0,0.9992380197071412,0.9984760394142635,0.0015239605856799566,0.0,-1765.4840383192952,-0.2530130374906565,0.0
3,45,30086,3,0.9989369572260646,0.0,0.9989369572260646,0.9980691784218565,0.001735557608340459,0.0001952639697463591,-1762.327728156801,-3.064538373811095,-0.3447848261761768
3,46,30087,3,0.9989369572260646,0.0,0.9989369572260646,0.9980691784218565,0.0017355576083404626,0.0001952639697463688,-1762.327728156798,-3.0645383738110965,-0.3447848261761933
3,47,30088,3,0.9989369572260646,0.0,0.9989369572260646,0.9980691784218564,0.0017355576083405006,0.00019526396974636385,-1762.3277281568005,-3.0645383738111684,-0.3447848261761851
3,48,30089,3,0.9964776810095466,0.0,0.9964776810095466,0.996131346112842,0.0006926697933340119,0.0031759840937675868,-1770.149962095857,-1.2308913008307742,5.643802039899747
3,49,30090,3,0.9992380197071412,0.0,0.9992380197071412,0.9984760394142633,0.001523960585679998,0.0,-1765.4840383192932,-0.2530130374906139,0.0
3,50,30091,3,0.9990550019515275,0.0,0.9990550019515275,0.9981100039030362,0.0018899960969073774,0.0,-1766.13371025864,0.3966589018542266,0.0
3,51,30092,3,0.9990550019515275,0.0,0.9990550019515275,0.9981100039030362,0.0018899960969073607,0.0,-1766.1337102586406,0.396658901854251,0.0
3,52,30093,3,0.9969385351230137,0.0,0.9969385351230137,0.9938770702460087,0.006122929753934961,0.0,-1764.9207036604762,-0.8163476963108778,0.0
3,53,30094,3,0.9980456872680218,0.0,0.9980456872680218,0.9975049710025142,0.0010814325309395005,0.0014135964664896408,-1766.3252284149332,-1.9149393915373658,2.5031164496849048
3,54,30095,3,0.9982428740244308,0.0,0.9982428740244308,0.9964857480488428,0.0035142519511008937,0.0,-1771.9862185305153,6.249167173728139,0.0
3,55,30096,3,0.9992380197071412,0.0,0.9992380197071412,0.9984760394142635,0.001523960585679971,0.0,-1765.4840383192943,-0.25301303749066384,0.0
3,56,30097,3,0.999216484851071,0.0,0.999216484851071,0.9984329697021231,0.001567030297820308,0.0,-1768.5127139088793,2.7756625520914415,0.0
3,57,30098,3,0.9982428740244309,0.0,0.9982428740244309,0.9964857480488429,0.003514251951100868,0.0,-1771.986218530514,6.249167173728089,0.0
3,58,30099,3,0.9986769570198245,0.0,0.9986769570198245,0.997878521754665,0.0015968705302437797,0.0005246077150347281,-1764.4275203368982,-2.237131193265627,0.9276001733765187
3,59,30100,3,0.9990099713783599,0.0,0.9990099713783599,0.9980199427567009,0.001980057243242521,0.0,-1764.6775779366071,-1.0594734201853682,0.0
3,60,30101,3,0.9987056477175192,0.0,0.9987056477175192,0.9978138091677409,0.0017836770994811336,0.0004025137327214555,-1766.401720233158,1.3772276156512115,-0.7125587392799084
3,61,30102,3,0.9990550019515275,0.0,0.9990550019515275,0.9981100039030362,0.0018899960969073568,0.0,-1766.13371025864,0.3966589018542701,0.0
3,62,30103,3,0.9981329200061883,0.0,0.9981329200061883,0.9962658400123577,0.0037341599875859127,0.0,-1769.162666115516,3.42561475872803,0.0
3,63,30104,3,0.9979276280400945,0.0,0.9979276280400945,0.9964177368677734,0.003019782344566826,0.0005624807876031423,-1759.4117166166102,-5.332141572835031,-0.9931931673472751
3,64,30105,3,0.9992380197071412,0.0,0.9992380197071412,0.9984760394142633,0.0015239605856800069,0.0,-1765.4840383192966,-0.253013037490613,0.0
3,65,30106,3,0.9992380197071412,0.0,0.9992380197071412,0.9984760394142633,0.0015239605856799793,0.0,-1765.4840383192957,-0.25301303749062365,0.0
3,66,30107,3,0.9982428740244308,0.0,0.9982428740244308,0.9964857480488428,0.0035142519511008694,0.0,-1771.9862185305171,6.249167173728103,0.0
3,67,30108,3,0.9990550019515275,0.0,0.9990550019515275,0.9981100039030362,0.0018899960969073785,0.0,-1766.1337102586394,0.3966589018542377,0.0
3,68,30109,3,0.996956442937524,0.0,0.996956442937524,0.994579875308555,0.004753135257862616,0.0006669894335258826,-1758.5123546848272,-8.403997790369896,1.179301118410042
3,69,30110,3,0.9989369572260646,0.0,0.9989369572260646,0.9980691784218565,0.001735557608340468,0.00019526396974636382,-1762.3277281568005,-3.0645383738111103,-0.344784826176185
3,70,30111,3,0.9987056477175192,0.0,0.9987056477175192,0.9978138091677409,0.0017836770994811065,0.00040251373272147276,-1766.4017202331572,1.377227615651164,-0.7125587392799386
3,71,30112,3,0.9982428740244309,0.0,0.9982428740244309,0.9964857480488429,0.0035142519511008508,0.0,-1771.9862185305158,6.249167173728064,0.0
3,72,30113,3,0.9992380197071412,0.0,0.9992380197071412,0.9984760394142635,0.0015239605856799652,0.0,-1765.4840383192975,-0.2530130374906485,0.0
3,73,30114,3,0.9985900966316988,0.0,0.9985900966316988,0.997180193263379,0.0028198067365644204,0.0,-1763.1927507919129,-2.544300564877009,0.0
3,74,30115,3,0.9990099713783599,0.0,0.9990099713783599,0.9980199427567009,0.001980057243242524,0.0,-1764.6775779366042,-1.059473420185297,0.0
3,75,30116,3,0.9985165018860265,0.0,0.9985165018860265,0.9972282677417806,0.0025764682884163097,0.00019526396974637076,-1760.84290101211,-4.5493655185027455,-0.3447848261761975
3,76,30117,3,0.9990550019515275,0.0,0.9990550019515275,0.9981100039030361,0.0018899960969074312,0.0,-1766.1337102586424,0.3966589018541118,0.0
3,77,30118,3,0.9985900966316988,0.0,0.9985900966316988,0.997180193263379,0.002819806736564423,0.0,-1763.192750791909,-2.5443005648770063,0.0
3,78,30119,3,0.9989369572260646,0.0,0.9989369572260646,0.9980691784218565,0.0017355576083404947,0.0001952639697463673,-1762.3277281567991,-3.064538373811155,-0.3447848261761909
3,79,30120,3,0.9984075546519208,0.0,0.9984075546519208,0.9968151093038228,0.0031848906961206985,0.0,-1763.8424227312573,-1.894628625532077,0.0
3,80,30121,3,0.9992380197071412,0.0,0.9992380197071412,0.9984760394142635,0.0015239605856799529,0.0,-1765.484038319296,-0.2530130374906765,0.0
3,81,30122,3,0.9989369572260646,0.0,0.9989369572260646,0.9980691784218565,0.001735557608340445,0.00019526396974639423,-1762.3277281568098,-3.064538373811086,-0.3447848261762405
3,82,30123,3,0.9990550019515275,0.0,0.9990550019515275,0.9981100039030362,0.0018899960969073646,0.0,-1766.1337102586417,0.3966589018542428,0.0
3,83,30124,3,0.9992380197071412,0.0,0.9992380197071412,0.9984760394142635,0.0015239605856799754,0.0,-1765.4840383192952,-0.2530130374906798,0.0
3,84,30125,3,0.9985900966316988,0.0,0.9985900966316988,0.997180193263379,0.0028198067365643874,0.0,-1763.1927507919106,-2.544300564876994,0.0
3,85,30126,3,0.998317204667949,0.0,0.998317204667949,0.9968139504152697,0.003006508505283559,0.00017954107939028915,-1763.844486509674,-1.5748701129522291,-0.31769473416039995
3,86,30127,3,0.9985165018860265,0.0,0.9985165018860265,0.9972282677417806,0.0025764682884163634,0.00019526396974637081,-1760.842901012108,-4.549365518502835,-0.3447848261761972
3,87,30128,3,0.9990550019515275,0.0,0.9990550019515275,0.9981100039030361,0.0018899960969073894,0.0,-1766.133710258643,0.39665890185429187,0.0
3,88,30129,3,0.9985165018860266,0.0,0.9985165018860266,0.9972282677417806,0.0025764682884163114,0.00019526396974636512,-1760.8429010121079,-4.549365518502743,-0.3447848261761871
3,89,30130,3,0.9985165018860265,0.0,0.9985165018860265,0.9972282677417806,0.002576468288416337,0.00019526396974636995,-1760.8429010121097,-4.549365518502793,-0.344784826176196
3,90,30131,3,0.9964776810095466,0.0,0.9964776810095466,0.996131346112842,0.0006926697933340126,0.0031759840937675876,-1770.1499620958555,-1.2308913008307742,5.643802039899743
3,91,30132,3,0.9985028838233552,0.0,0.9985028838233552,0.9972717416783631,0.0024622842899090914,0.0002659740316714179,-1769.634350271816,4.36926333862079,-0.4719644235922071
3,92,30133,3,0.9985165018860265,0.0,0.9985165018860265,0.9972282677417806,0.0025764682884163045,0.00019526396974638616,-1760.842901012109,-4.549365518502734,-0.34478482617622447
3,93,30134,3,0.9992380197071412,0.0,0.9992380197071412,0.9984760394142635,0.0015239605856799542,0.0,-1765.4840383192936,-0.25301303749064696,0.0
3,94,30135,3,0.998479996504627,0.0,0.998479996504627,0.9971486120418663,0.00266276892544601,0.00018861903263101093,-1760.7022499914176,-4.701749750861785,-0.33305161450766974
3,95,30136,3,0.9986769570198245,0.0,0.9986769570198245,0.997878521754665,0.001596870530243772,0.0005246077150347041,-1764.4275203368977,-2.2371311932656197,0.927600173376476
3,96,30137,3,0.9992380197071412,0.0,0.9992380197071412,0.9984760394142635,0.0015239605856799377,0.0,-1765.4840383192948,-0.25301303749072224,0.0
3,97,30138,3,0.9984075546519208,0.0,0.9984075546519208,0.9968151093038228,0.0031848906961207363,0.0,-1763.842422731257,-1.8946286255320768,0.0
3,98,30139,3,0.999216484851071,0.0,0.999216484851071,0.9984329697021231,0.0015670302978202893,0.0,-1768.5127139088786,2.7756625520914073,0.0
3,99,30140,3,0.9988271210807181,0.0,0.9988271210807181,0.9976542421614174,0.0023457578385261044,0.0,-1765.3272498759497,-0.40980148084045087,0.0
3,100,30141,3,0.9990550019515275,0.0,0.9990550019515275,0.9981100039030362,0.0018899960969073724,0.0,-1766.1337102586403,0.3966589018542295,0.0
4,1,40042,4,0.9957647774834508,0.0,0.9957647774834508,0.9935932452280242,0.004343064510778207,0.002063690261141316,-1766.8426676612842,-2.5641107429961325,3.669727047494922
4,2,40043,4,0.9972639195010494,0.0,0.9972639195010494,0.9949726895901331,0.004582459821757739,0.0004448505880529071,-1766.1869336568552,1.2395414578208412,-0.7896591577526294
4,3,40044,4,0.9982131233475634,0.0,0.9982131233475634,0.997010091017286,0.0024060646604791673,0.0005838443221782521,-1764.1874385869062,-1.8931428108578978,0.3435300409778998
4,4,40045,4,0.9957647774834508,0.0,0.9957647774834508,0.9935932452280242,0.004343064510778206,0.0020636902611413134,-1766.8426676612855,-2.5641107429961347,3.66972704749492
4,5,40046,4,0.9972705781165582,0.0,0.9972705781165582,0.9950627970579476,0.004415562117145928,0.0005216408248501353,-1769.455876726383,2.791225196218756,0.9276001733765125
4,6,40047,4,0.9956514162148364,0.0,0.9956514162148364,0.9935635183013743,0.0041757958268488615,0.0022606858717203904,-1764.3639000724609,-4.698093505643843,3.3249422213187274
4,7,40048,4,0.9981733333700723,0.0,0.9981733333700723,0.9965416610760802,0.0032633445879086303,0.00019499433595461432,-1762.06371179635,-3.3285547342589537,-0.3447848261761942
4,8,40049,4,0.9981733333700723,0.0,0.9981733333700723,0.9965416610760802,0.003263344587908661,0.00019499433595460185,-1762.063711796349,-3.328554734259038,-0.344784826176172
4,9,40050,4,0.9954514680261637,0.0,0.9954514680261637,0.9936063911390297,0.003690153774193024,0.002703455086720957,-1764.4401131350949,3.5038406799027952,-4.800778901594366
4,10,40051,4,0.9951246313082683,0.0,0.9951246313082683,0.9915533874756115,0.0071424876652389085,0.0013041248590936305,-1769.117990749364,5.7077437578773536,-2.326804365299764
4,11,40052,4,0.998062656952115,0.0,0.998062656952115,0.9967044608763349,0.002716392151484623,0.0005791469721237416,-1759.9179958220345,-4.7964342678914464,-1.0226212668600443
4,12,40053,4,0.9938197845588771,0.0,0.9938197845588771,0.9898747873147639,0.007889994488151258,0.002235218197028633,-1758.1070208898739,-8.936519698712036,1.3064892318002073
4,13,40054,4,0.9985932081167331,0.0,0.9985932081167331,0.997381410569402,0.0024235950945867626,0.00019499433595461356,-1763.548538941043,-1.8437275895673622,-0.3447848261761932
4,14,40055,4,0.9954530129960597,0.0,0.9954530129960597,0.9927441956650499,0.005417634661944487,0.0018381696729491577,-1761.2588735953377,-1.2170228115716708,-3.2611549498778114
4,15,40056,4,0.998062656952115,0.0,0.998062656952115,0.9967044608763349,0.0027163921514846145,0.000579146972123736,-1759.917995822035,-4.796434267891433,-1.0226212668600347
4,16,40057,4,0.9965396601071553,0.0,0.9965396601071553,0.9941363166312921,0.0048066869516509,0.0010569964170003316,-1757.7281005154452,-8.498682307399543,0.4897314660576438
4,17,40058,4,0.996199805908304,0.0,0.996199805908304,0.9926908434375215,0.0070179249414903866,0.00029123162093208096,-1774.5563555330045,8.87862992587445,-0.05932574965607135
4,18,40059,4,0.9962964886617405,0.0,0.9962964886617405,0.9932824264948429,0.00602812433372032,0.0006894491713805638,-1763.864738995273,-0.6479928222874489,-1.2243195392262378
4,19,40060,4,0.9972705781165582,0.0,0.9972705781165582,0.9950627970579476,0.00441556211714593,0.0005216408248501338,-1769.4558767263827,2.791225196218719,0.9276001733765098
4,20,40061,4,0.9981733333700723,0.0,0.9981733333700723,0.9965416610760802,0.0032633445879086407,0.00019499433595461453,-1762.0637117963513,-3.3285547342589954,-0.3447848261761949
4,21,40062,4,0.9984106638521631,0.0,0.9984106638521631,0.9970161788541391,0.002788969995972681,0.00019485114983169952,-1764.1982108803877,-1.1940556502224597,-0.34478482617618716
4,22,40063,4,0.9982131233475634,0.0,0.9982131233475634,0.997010091017286,0.0024060646604791816,0.0005838443221782582,-1764.1874385869057,-1.8931428108578772,0.34353004097790996
4,23,40064,4,0.9982131233475634,0.0,0.9982131233475634,0.997010091017286,0.002406064660479169,0.0005838443221782527,-1764.1874385869037,-1.8931428108579225,0.34353004097789946
4,24,40065,4,0.9979750360857551,0.0,0.9979750360857551,0.996129365852331,0.0036913404667731245,0.0001792936808394697,-1765.0652972939179,-0.354059328708453,-0.3176947341604153
4,25,40066,4,0.9982601937581977,0.0,0.9982601937581977,0.997239989567366,0.002040408381588004,0.0007196020509893335,-1763.2984813413382,-3.021385362647618,0.5828153472003118
4,26,40067,4,0.9979750360857551,0.0,0.9979750360857551,0.996129365852331,0.0036913404667731045,0.00017929368083946447,-1765.065297293913,-0.35405932870839374,-0.3176947341604052
4,27,40068,4,0.9981733333700723,0.0,0.9981733333700723,0.9965416610760802,0.0032633445879086515,0.00019499433595461372,-1762.0637117963508,-3.3285547342590336,-0.3447848261761933
4,28,40069,4,0.998062656952115,0.0,0.998062656952115,0.996704460876335,0.002716392151484575,0.0005791469721237365,-1759.9179958220348,-4.796434267891362,-1.0226212668600354
4,29,40070,4,0.9979910974233658,0.0,0.9979910974233658,0.9961770459965444,0.00362810285356732,0.0001948511498317032,-1762.7133837356942,-2.6788827949141467,-0.34478482617619327
4,30,40071,4,0.9976295276149432,0.0,0.9976295276149432,0.9966726516963572,0.0019137518370965542,0.0014135964664896297,-1764.8514045931995,-3.3887632132717966,2.503116449684886
4,31,40072,4,0.9976295276149433,0.0,0.9976295276149433,0.9966726516963573,0.0019137518370965214,0.0014135964664896328,-1764.851404593198,-3.388763213271735,2.5031164496848888
4,32,40073,4,0.99728192481869,0.0,0.99728192481869,0.9960149703072144,0.002533909022875743,0.0014511206698532618,-1758.7005367775796,-4.474217046459229,-2.5622975327497315
4,33,40074,4,0.9953036183084052,0.0,0.9953036183084052,0.9924951272608467,0.005616982095041527,0.001887890644055255,-1754.8263207228317,-9.931361628556573,-0.9793690053942459
4,34,40075,4,0.9981733333700723,0.0,0.9981733333700723,0.9965416610760802,0.0032633445879086576,0.00019499433595462093,-1762.0637117963506,-3.3285547342590296,-0.34478482617620604
4,35,40076,4,0.9982601937581977,0.0,0.9982601937581977,0.997239989567366,0.00204040838158803,0.0007196020509893374,-1763.2984813413384,-3.0213853626476457,0.5828153472003205
4,36,40077,4,0.9981733333700723,0.0,0.9981733333700723,0.9965416610760802,0.003263344587908649,0.00019499433595460502,-1762.0637117963515,-3.328554734258998,-0.3447848261761781
4,37,40078,4,0.9981733333700723,0.0,0.9981733333700723,0.9965416610760802,0.0032633445879086316,0.0001949943359546123,-1762.0637117963502,-3.3285547342590442,-0.3447848261761907
4,38,40079,4,0.9981733333700723,0.0,0.9981733333700723,0.9965416610760802,0.0032633445879086606,0.00019499433595460326,-1762.06371179635,-3.3285547342590043,-0.3447848261761747
4,39,40080,4,0.9979910974233658,0.0,0.9979910974233658,0.9961770459965444,0.003628102853567312,0.00019485114983168597,-1762.713383735695,-2.6788827949141236,-0.34478482617616296
4,40,40081,4,0.996199805908304,0.0,0.996199805908304,0.9926908434375215,0.00701792494149039,0.000291231620932082,-1774.556355533004,8.878629925874453,-0.05932574965606957
4,41,40082,4,0.9955597290998877,0.0,0.9955597290998877,0.9917826753349764,0.0075541075297475575,0.0006632171352198232,-1763.5407110743117,-3.3756414008855185,1.1793011184100357
4,42,40083,4,0.995042570254783,0.0,0.995042570254783,0.9923458263812676,0.0053934877469557305,0.0022606858717203948,-1762.2015303540966,-6.860463224008237,3.324942221318721
4,43,40084,4,0.9968614694786521,0.0,0.9968614694786521,0.9950098398445693,0.003703259268090014,0.0012869008872840623,-1756.9257406782397,-6.53898210044733,-2.272328578101524
4,44,40085,4,0.9984389673854199,0.0,0.9984389673854199,0.9972905514299681,0.002296831910828025,0.0004126166591470785,-1761.030736268459,-4.05578051973994,-0.650534568589977
4,45,40086,4,0.9974209204335901,0.0,0.9974209204335901,0.9948418408671613,0.005158159132782388,0.0,-1770.3556062654313,4.618554908643979,0.0
4,46,40087,4,0.9919706497255061,0.0,0.9919706497255061,0.9865481753094918,0.010844948831953412,0.0026068758584984063,-1751.114542545353,-19.249691082583208,4.627182271149492
4,47,40088,4,0.9957647774834508,0.0,0.9957647774834508,0.9935932452280243,0.004343064510778178,0.002063690261141297,-1766.8426676612848,-2.5641107429961574,3.669727047494889
4,48,40089,4,0.9961394867825021,0.0,0.9961394867825021,0.9954505998626176,0.0013777738396935396,0.003171626297632467,-1771.3707728800966,-0.01008051658700826,5.643802039899741
4,49,40090,4,0.9985932081167331,0.0,0.9985932081167331,0.997381410569402,0.0024235950945867787,0.0001949943359546065,-1763.5485389410428,-1.8437275895673961,-0.34478482617618067
4,50,40091,4,0.9959598899665573,0.0,0.9959598899665573,0.9950890920389182,0.0017415958552030614,0.0031693121058224967,-1772.020444819444,0.6395914227578908,5.643802039899743
4,51,40092,4,0.9979412128607157,0.0,0.9979412128607157,0.9962934609840255,0.003295503753305204,0.00041103526261284496,-1762.997158294276,-3.4672430134298486,0.7273499509165264
4,52,40093,4,0.9985932081167331,0.0,0.9985932081167331,0.997381410569402,0.0024235950945867705,0.000194994335954616,-1763.548538941047,-1.8437275895673795,-0.34478482617619827
4,53,40094,4,0.9968614694786521,0.0,0.9968614694786521,0.9950098398445693,0.0037032592680899925,0.0012869008872840718,-1756.9257406782376,-6.538982100447285,-2.272328578101538
4,54,40095,4,0.9979910974233658,0.0,0.9979910974233658,0.9961770459965444,0.003628102853567287,0.0001948511498317019,-1762.713383735697,-2.6788827949141183,-0.34478482617619155
4,55,40096,4,0.9960987620189644,0.0,0.9960987620189644,0.9940688606878312,0.004059802662191469,0.001871336649921082,-1763.6090037054926,1.191949881353141,-3.31999753264708
4,56,40097,4,0.9944786067782765,0.0,0.9944786067782765,0.9908362443943817,0.007284724767714342,0.0018790308378476158,-1754.784355179605,-12.90134583438437,1.9486496572042546
4,57,40098,4,0.9976122706827555,0.0,0.9976122706827555,0.9959375076551481,0.0033495260551394965,0.0007129662896558255,-1760.9954606022857,-5.336139313371038,0.5945485588688617
4,58,40099,4,0.9956514162148364,0.0,0.9956514162148364,0.9935635183013743,0.00417579582684886,0.002260685871720403,-1764.3639000724602,-4.6980935056438184,3.324942221318733
4,59,40100,4,0.992835825493215,0.0,0.992835825493215,0.9891245251933147,0.007422600599726471,0.0034528742069031676,-1782.8781048170865,12.077189329696377,5.06386413060333
4,60,40101,4,0.9976017091306376,0.0,0.9976017091306376,0.9952034182612564,0.004796581738687401,0.0,-1769.705934326086,3.968882969298993,0.0
4,61,40102,4,0.9981733333700723,0.0,0.9981733333700723,0.9965416610760802,0.0032633445879086493,0.00019499433595461372,-1762.0637117963504,-3.3285547342590145,-0.34478482617619327
4,62,40103,4,0.9982601937581977,0.0,0.9982601937581977,0.997239989567366,0.0020404083815880303,0.0007196020509893368,-1763.2984813413382,-3.021385362647669,0.5828153472003186
4,63,40104,4,0.9982131233475634,0.0,0.9982131233475634,0.997010091017286,0.002406064660479168,0.0005838443221782471,-1764.187438586908,-1.8931428108579247,0.34353004097788553
4,64,40105,4,0.9981733333700723,0.0,0.9981733333700723,0.9965416610760802,0.0032633445879086576,0.00019499433595461304,-1762.0637117963524,-3.32855473425899,-0.34478482617619244
4,65,40106,4,0.99728192481869,0.0,0.99728192481869,0.9960149703072144,0.0025339090228757525,0.001451120669853269,-1758.7005367775791,-4.474217046459245,-2.5622975327497435
4,66,40107,4,0.9985932081167331,0.0,0.9985932081167331,0.997381410569402,0.0024235950945867436,0.00019499433595461342,-1763.5485389410446,-1.8437275895673284,-0.34478482617619327
4,67,40108,4,0.9965396601071553,0.0,0.9965396601071553,0.9941363166312921,0.004806686951650897,0.0010569964170003448,-1757.728100515441,-8.498682307399516,0.48973146605766305
4,68,40109,4,0.9981733333700723,0.0,0.9981733333700723,0.9965416610760802,0.0032633445879086576,0.0001949943359546204,-1762.0637117963495,-3.328554734259027,-0.3447848261762049
4,69,40110,4,0.9954530129960597,0.0,0.9954530129960597,0.9927441956650499,0.005417634661944503,0.001838169672949152,-1761.2588735953366,-1.2170228115716886,-3.261154949877799
4,70,40111,4,0.9981733333700723,0.0,0.9981733333700723,0.9965416610760802,0.003263344587908641,0.0001949943359546182,-1762.0637117963515,-3.328554734259005,-0.3447848261762014
4,71,40112,4,0.9984389673854199,0.0,0.9984389673854199,0.9972905514299681,0.0022968319108280116,0.00041261665914709995,-1761.0307362684564,-4.055780519739911,-0.6505345685899766
4,72,40113,4,0.9984389673854199,0.0,0.9984389673854199,0.9972905514299681,0.0022968319108280454,0.00041261665914708753,-1761.0307362684566,-4.0557805197399714,-0.6505345685899532
4,73,40114,4,0.9985932081167331,0.0,0.9985932081167331,0.997381410569402,0.0024235950945867774,0.00019499433595462193,-1763.5485389410408,-1.8437275895673784,-0.34478482617620754
4,74,40115,4,0.9957647774834508,0.0,0.9957647774834508,0.9935932452280242,0.004343064510778221,0.0020636902611413043,-1766.8426676612835,-2.5641107429961005,3.6697270474949
4,75,40116,4,0.9984106638521631,0.0,0.9984106638521631,0.9970161788541391,0.0027889699959726816,0.0001948511498317032,-1764.1982108803857,-1.1940556502224662,-0.34478482617619327
4,76,40117,4,0.9966158829357595,0.0,0.9966158829357595,0.9938978355075105,0.005436094856422583,0.0006660696360103512,-1759.733165469072,-7.183187006126156,1.1793011184100428
4,77,40118,4,0.9981733333700723,0.0,0.9981733333700723,0.9965416610760802,0.003263344587908654,0.0001949943359546051,-1762.0637117963504,-3.3285547342590167,-0.344784826176178
4,78,40119,4,0.9966448987251929,0.0,0.9966448987251929,0.994695410912773,0.003898975624764897,0.0014056134624057819,-1771.3535848044173,3.113416997947005,2.5031164496848874
4,79,40120,4,0.9968614694786521,0.0,0.9968614694786521,0.9950098398445693,0.0037032592680899864,0.0012869008872840643,-1756.9257406782374,-6.5389821004472735,-2.2723285781015243
4,80,40121,4,0.9981733333700723,0.0,0.9981733333700723,0.9965416610760802,0.003263344587908649,0.0001949943359546114,-1762.0637117963502,-3.3285547342590087,-0.3447848261761891
4,81,40122,4,0.9966158829357595,0.0,0.9966158829357595,0.9938978355075105,0.005436094856422594,0.0006660696360103463,-1759.7331654690704,-7.183187006126134,1.179301118410033
4,82,40123,4,0.99728192481869,0.0,0.99728192481869,0.9960149703072144,0.002533909022875746,0.0014511206698532581,-1758.7005367775773,-4.474217046459229,-2.5622975327497217
4,83,40124,4,0.9981733333700723,0.0,0.9981733333700723,0.9965416610760802,0.0032633445879086745,0.0001949943359546136,-1762.0637117963518,-3.3285547342590283,-0.3447848261761933
4,84,40125,4,0.998062656952115,0.0,0.998062656952115,0.9967044608763351,0.002716392151484556,0.0005791469721237317,-1759.917995822034,-4.796434267891326,-1.0226212668600263
4,85,40126,4,0.9939147616869332,0.0,0.9939147616869332,0.9926831621142536,0.00246319914528412,0.004853638740406101,-1766.573033689877,4.38349450533548,-3.5475121722449035
4,86,40127,4,0.9952243976414903,0.0,0.9952243976414903,0.9932824042006629,0.003883986881579573,0.00283360891770115,-1763.864779124281,3.1596330409660256,-5.031905273473278
4,87,40128,4,0.9973036331879834,0.0,0.9973036331879834,0.9954320628386066,0.003743140698678641,0.0008247964626584485,-1768.3473212904203,4.075489580257852,-1.465219646625305
4,88,40129,4,0.9984389673854199,0.0,0.9984389673854199,0.9972905514299681,0.0022968319108280025,0.0004126166591470891,-1761.0307362684584,-4.0557805197398995,-0.6505345685899527
4,89,40130,4,0.9959598899665573,0.0,0.9959598899665573,0.9950890920389182,0.0017415958552030688,0.003169312105822502,-1772.0204448194434,0.6395914227579208,5.64380203989975
4,90,40131,4,0.995042570254783,0.0,0.995042570254783,0.9923458263812676,0.005393487746955728,0.002260685871720403,-1762.201530354097,-6.860463224008237,3.324942221318705
4,91,40132,4,0.9973461885081917,0.0,0.9973461885081917,0.9963686707068623,0.0019550356025835334,0.0016762936904977654,-1768.352044606374,0.5838412234948132,2.0311520260926663
4,92,40133,4,0.9982601937581977,0.0,0.9982601937581977,0.997239989567366,0.0020404083815880056,0.000719602050989339,-1763.298481341337,-3.0213853626476244,0.5828153472003245
4,93,40134,4,0.9954530129960597,0.0,0.9954530129960597,0.9927441956650499,0.005417634661944527,0.001838169672949152,-1761.258873595337,-1.2170228115717316,-3.2611549498778
4,94,40135,4,0.9961914778796711,0.0,0.9961914778796711,0.9935647302565415,0.005253495246184039,0.001181774497218035,-1758.0950494557062,-7.229040135091209,-0.41296176598850454
4,95,40136,4,0.9947198476897072,0.0,0.9947198476897072,0.9914978060798384,0.006444083219663017,0.0020581107004426437,-1770.3629148171951,7.839424171930031,-3.2135607115217786
4,96,40137,4,0.9979750360857551,0.0,0.9979750360857551,0.996129365852331,0.0036913404667731223,0.00017929368083946726,-1765.0652972939172,-0.354059328708463,-0.3176947341604109
4,97,40138,4,0.9961394867825021,0.0,0.9961394867825021,0.9954505998626179,0.0013777738396935104,0.0031716262976324828,-1771.3707728800998,-0.010080516587006483,5.643802039899779
4,98,40139,4,0.9973036331879835,0.0,0.9973036331879835,0.9954320628386067,0.003743140698678577,0.0008247964626584443,-1768.347321290419,4.075489580257919,-1.465219646625296
4,99,40140,4,0.9985932081167331,0.0,0.9985932081167331,0.997381410569402,0.002423595094586795,0.000194994335954614,-1763.5485389410442,-1.8437275895674115,-0.34478482617619416
4,100,40141,4,0.9981733333700723,0.0,0.9981733333700723,0.9965416610760802,0.0032633445879086498,0.00019499433595461364,-1762.0637117963513,-3.3285547342590323,-0.34478482617619327
5,1,50042,5,0.9954561140407621,0.0,0.9954561140407621,0.993667999878638,0.0035762283241728594,0.0027557717971326326,-1762.897823866466,2.0498744077289555,-4.889101898049499
5,2,50043,5,0.993030406946481,0.0,0.993030406946481,0.9905250911187021,0.005010631655483189,0.004464277225758729,-1768.5025450989476,-0.5515039324377972,3.316997674599974
5,3,50044,5,0.9961996748608408,0.0,0.9961996748608408,0.9934548885103568,0.005489572700892673,0.0010555387886940833,-1758.9489112996885,-7.277871523155826,0.48973146605765205
5,4,50045,5,0.9945274379715117,0.0,0.9945274379715117,0.9913108093659009,0.006433257211146564,0.0022559334228963086,-1764.0720130776856,-4.989980500419586,3.32494222131872
5,5,50046,5,0.9949027291293966,0.0,0.9949027291293966,0.992974770364597,0.0038559175295242313,0.0031693121058225028,-1768.2553334703177,-3.1255199263628213,5.643802039899736
5,6,50047,5,0.9953603075453129,0.0,0.9953603075453129,0.9932368940847794,0.004246826920991659,0.0025162789941724686,-1761.9775327480897,-7.53376527273698,3.774246664039313
5,7,50048,5,0.9926876516560114,0.0,0.9926876516560114,0.9885323840163797,0.008310535279188515,0.003157080704375803,-1766.5841405884548,-4.794859168897813,5.641948400565204
5,8,50049,5,0.9951233477146953,0.0,0.9951233477146953,0.9938025350260007,0.00264162537731436,0.003555839596628663,-1769.7293883215357,-2.3397799423066514,6.332116907053875
5,9,50050,5,0.9941703710041133,0.0,0.9941703710041133,0.9918070737172471,0.004726594573657598,0.003466331709039036,-1766.2100339351844,-5.699860918777249,6.172843497179806
5,10,50051,5,0.9947482091570902,0.0,0.9947482091570902,0.9921391465861336,0.00521812514183814,0.0026427282719720486,-1765.5460679288958,-4.20424051636339,4.0132570884728285
5,11,50052,5,0.9930815168602068,0.0,0.9930815168602068,0.9892778386848062,0.0076073563507261625,0.0031148049644113083,-1759.086729857434,-10.809780012905035,4.159458513552552
5,12,50053,5,0.9941420184792786,0.0,0.9941420184792786,0.9901604808224099,0.007963075313662306,0.0018764438638713913,-1756.0051659638502,-11.680535050140632,1.9486496572042369
5,13,50054,5,0.9960424403929534,0.0,0.9960424403929534,0.9935472610149688,0.004990358755893707,0.0014623802290808562,-1756.76416024161,-8.823821224313043,-0.14906989086375294
5,14,50055,5,0.9941703710041133,0.0,0.9941703710041133,0.9918070737172471,0.004726594573657597,0.003466331709039015,-1766.2100339351864,-5.699860918777255,6.172843497179776
5,15,50056,5,0.9941703710041133,0.0,0.9941703710041133,0.9918070737172471,0.004726594573657595,0.0034663317090390246,-1766.2100339351869,-5.699860918777255,6.1728434971797945
5,16,50057,5,0.9949027291293966,0.0,0.9949027291293966,0.992974770364597,0.003855917529524195,0.0031693121058224993,-1768.2553334703225,-3.125519926362798,5.643802039899745
5,17,50058,5,0.9971955074211288,0.0,0.9971955074211288,0.9954939698038038,0.003403075234574495,0.0011029549615650491,-1760.211206432903,-5.430823830400693,-0.09502109348353177
5,18,50059,5,0.9925962965774163,0.0,0.9925962965774163,0.9907265942386945,0.0037394046773688155,0.005534001083880571,-1765.5170690246812,4.551849379358874,-4.771831711471114
5,19,50060,5,0.9965663832894512,0.0,0.9965663832894512,0.9947410749662042,0.003650616646418768,0.0016083083873206655,-1761.431078070255,-6.464304910040129,2.158331623508691
5,20,50061,5,0.9947061124216178,0.0,0.9947061124216178,0.9916698066605312,0.006072611522098181,0.002257581817314356,-1763.42234113834,-5.639652439764496,3.3249422213187176
5,21,50062,5,0.9951236125896576,0.0,0.9951236125896576,0.9925048069966107,0.005237611186018593,0.002257581817314356,-1764.907168283034,-4.154825295072791,3.324942221318718
5,22,50063,5,0.9943474871164165,0.0,0.9943474871164165,0.9892406687116065,0.010213636809545684,0.00054569447879208,-1776.8988279304701,11.45115662856954,-0.28938005488560664
5,23,50064,5,0.993963275760097,0.0,0.993963275760097,0.9898016215907083,0.008323308338702448,0.0018750700705329622,-1756.6548379031963,-11.030863110795737,1.9486496572042558
5,24,50065,5,0.996566383289451,0.0,0.996566383289451,0.9947410749662039,0.0036506166464187807,0.0016083083873206728,-1761.4310780702565,-6.464304910040158,2.1583316235086816
5,25,50066,5,0.9955877582952208,0.0,0.9955877582952208,0.9925811300528287,0.00601325648470935,0.0014056134624057881,-1767.5884734552953,-0.6516943511737374,2.5031164496848968
5,26,50067,5,0.9925056458770118,0.0,0.9925056458770118,0.9873274106710994,0.010356470411750845,0.00231611891709423,-1777.7257432216736,16.158964237335276,-4.170272372446796
5,27,50068,5,0.9939162523663055,0.0,0.9939162523663055,0.9897097180160767,0.008413068700382442,0.0018772132834845737,-1759.8546771123201,-4.903005239072206,-0.9793690053942241
5,28,50069,5,0.9954561140407621,0.0,0.9954561140407621,0.993667999878638,0.0035762283241728685,0.0027557717971326318,-1762.897823866467,2.049874407728934,-4.8891018980495
5,29,50070,5,0.9954510933878545,0.0,0.9954510933878545,0.9923041429241024,0.006293900927429161,0.001401956148412098,-1762.5989671941102,-3.006435323891457,-0.13164883878347816
5,30,50071,5,0.9953603075453129,0.0,0.9953603075453129,0.9932368940847794,0.004246826920991645,0.0025162789941724677,-1761.9775327480893,-7.533765272736954,3.7742466640393104
5,31,50072,5,0.994108861974384,0.0,0.994108861974384,0.9918258360860591,0.004566051776575132,0.0036081121373098637,-1774.2308788372384,3.1993201448557453,5.294507335595468
5,32,50073,5,0.9916410734482524,0.0,0.9916410734482524,0.9881979467319787,0.006886253432472806,0.004915799835492579,-1764.659964365183,-9.855404322877725,8.778317331273998
5,33,50074,5,0.9960191288460288,0.0,0.9960191288460288,0.9930930224207268,0.005852212850528599,0.0010547647286881638,-1759.5985832390352,-6.628199583810889,0.4897314660576403
5,34,50075,5,0.9949027291293966,0.0,0.9949027291293966,0.992974770364597,0.0038559175295242113,0.003169312105822496,-1768.2553334703234,-3.1255199263628595,5.643802039899741
5,35,50076,5,0.9961996748608408,0.0,0.9961996748608408,0.9934548885103568,0.005489572700892692,0.0010555387886940861,-1758.9489112996903,-7.277871523155792,0.48973146605764517
5,36,50077,5,0.9950376481492462,0.0,0.9950376481492462,0.9926676253439669,0.004740045610483729,0.002592329045493034,-1761.1230277671254,-0.014890646259084539,-4.599132943401276
5,37,50078,5,0.996985649921123,0.0,0.996985649921123,0.9955796082295479,0.002812083383074906,0.0016083083873206642,-1762.9159052149464,-4.979477765348502,2.1583316235086984
5,38,50079,5,0.9971955074211287,0.0,0.9971955074211287,0.9954939698038038,0.003403075234574517,0.0011029549615650478,-1760.2112064329017,-5.430823830400705,-0.09502109348351051
5,39,50080,5,0.9971955074211288,0.0,0.9971955074211288,0.9954939698038038,0.003403075234574497,0.001102954961565059,-1760.2112064329024,-5.4308238304006675,-0.09502109348352228
5,40,50081,5,0.992762308434973,0.0,0.992762308434973,0.991103812703999,0.003316991461873104,0.005579195834071743,-1767.2888019049715,3.7882147440910052,-2.2364641959027147
5,41,50082,5,0.9929504395470742,0.0,0.9929504395470742,0.9913065849509244,0.0032877091922247663,0.005405705856794795,-1766.0924030354906,4.896057018295646,-4.540705339592166
5,42,50083,5,0.9950441929309282,0.0,0.9950441929309282,0.9907502106171979,0.00858796462738546,0.0006618247553604262,-1765.4111937979003,-1.5051586772968744,1.1793011184100493
5,43,50084,5,0.9961996748608408,0.0,0.9961996748608408,0.9934548885103568,0.005489572700892669,0.001055538788694089,-1758.9489112996898,-7.2778715231557785,0.4897314660576402
5,44,50085,5,0.9911792732768531,0.0,0.9911792732768531,0.989038236330745,0.0042820738921416,0.0066796897770573975,-1763.3293794167394,-7.550344743831129,5.142672803782921
5,45,50086,5,0.9947698998056044,0.0,0.9947698998056044,0.9923787567196497,0.004782286171833822,0.0028389571084599372,-1755.0352597208016,-8.039659810891582,-2.662131825093911
5,46,50087,5,0.9947061124216178,0.0,0.9947061124216178,0.9916698066605312,0.006072611522098176,0.002257581817314356,-1763.4223411383418,-5.639652439764509,3.3249422213187176
5,47,50088,5,0.9914617458289183,0.0,0.9914617458289183,0.9855248848295366,0.011873721998688481,0.0026013931717187755,-1752.9850252689403,-17.379208358994518,4.627182271149502
5,48,50089,5,0.9947924815755783,0.0,0.9947924815755783,0.9923641857933021,0.0048565915644771425,0.0027792226421644796,-1764.6571106833296,-5.332483068153162,4.252542394695216
5,49,50090,5,0.9947924815755781,0.0,0.9947924815755781,0.9923641857933021,0.004856591564477126,0.0027792226421644896,-1764.657110683331,-5.332483068153078,4.252542394695231
5,50,50091,5,0.996985649921123,0.0,0.996985649921123,0.9955796082295479,0.0028120833830749077,0.0016083083873206568,-1762.9159052149446,-4.9794777653485,2.1583316235087198
5,51,50092,5,0.9925546873646943,0.0,0.9925546873646943,0.9884127995146811,0.00828377569995252,0.00330342478531095,-1783.5497085239363,12.48594545526203,5.326711711889037
5,52,50093,5,0.9940694984872905,0.0,0.9940694984872905,0.9899668056648491,0.008205385644808173,0.0018278086902866716,-1766.2872299848261,3.811333577912684,-3.2611549498778016
5,53,50094,5,0.9947924815755781,0.0,0.9947924815755781,0.9923641857933021,0.004856591564477135,0.0027792226421644957,-1764.657110683329,-5.3324830681530875,4.252542394695239
5,54,50095,5,0.9939162523663055,0.0,0.9939162523663055,0.9897097180160768,0.008413068700382432,0.0018772132834845615,-1759.8546771123197,-4.903005239072192,-0.9793690053942254
5,55,50096,5,0.9945274379715117,0.0,0.9945274379715117,0.9913108093659008,0.006433257211146575,0.0022559334228963094,-1764.0720130776845,-4.989980500419594,3.324942221318719
5,56,50097,5,0.9947061124216178,0.0,0.9947061124216178,0.9916698066605313,0.0060726115220981446,0.0022575818173143605,-1763.4223411383396,-5.639652439764459,3.324942221318752
5,57,50098,5,0.9906228343850344,0.0,0.9906228343850344,0.9845925939183909,0.012060480933213007,0.003346925148340593,-1778.8027695169815,19.034331422962,-5.9686132627668655
5,58,50099,5,0.9941915595802895,0.0,0.9941915595802895,0.9922480748650933,0.0038869694303173023,0.0038649557045331083,-1763.2492933448548,-6.907240512602526,4.419482500673503
5,59,50100,5,0.9888755613012936,0.0,0.9888755613012936,0.9812131863748809,0.015324749852752301,0.003462063772312034,-1787.9911271900946,27.186105004744558,-4.932029171438695
5,60,50101,5,0.993030406946481,0.0,0.993030406946481,0.9905250911187021,0.00501063165548319,0.004464277225758716,-1768.5025450989485,-0.5515039324377753,3.316997674599964
5,61,50102,5,0.9924356412083969,0.0,0.9924356412083969,0.9859065422234183,0.01305819796988326,0.0010352598066430913,-1783.1164018168636,19.251727467743233,-1.8723770076664403
5,62,50103,5,0.9944856056640964,0.0,0.9944856056640964,0.9909615415126448,0.007048128302828485,0.001990330184470569,-1768.06202608416,5.876098631900739,-3.5511239045260066
5,63,50104,5,0.9918886968800886,0.0,0.9918886968800886,0.985482744610664,0.012811904538775766,0.0017053508505050503,-1783.4984400281726,18.30188483691021,-0.5404961655257606
5,64,50105,5,0.993963275760097,0.0,0.993963275760097,0.9898016215907083,0.008323308338702458,0.0018750700705329581,-1756.654837903194,-11.03086311079573,1.948649657204269
5,65,50106,5,0.9961078623848666,0.0,0.9961078623848666,0.9940703579179964,0.0040750089336652725,0.001854633148281937,-1764.9046279914132,-2.5458806573051773,1.713457291932249
5,66,50107,5,0.996026486045993,0.0,0.996026486045993,0.9934734804621767,0.005106011167557847,0.0014205083702092597,-1764.9414875127347,0.3513908003315136,-1.146954644386116
5,67,50108,5,0.993979660475301,0.0,0.993979660475301,0.9907082758087171,0.006542769333092739,0.0027489548581339585,-1762.2923365445945,-1.1769131044952594,-2.2678017076960506
5,68,50109,5,0.9943902540949364,0.0,0.9943902540949364,0.9910893411532625,0.006601825883273125,0.0023088329634082397,-1768.1349281331284,-1.7211547138705678,4.119031490215504
5,69,50110,5,0.9941420184792786,0.0,0.9941420184792786,0.9901604808224099,0.00796307531366231,0.0018764438638714008,-1756.00516596385,-11.68053505014064,1.9486496572042507
5,70,50111,5,0.994108861974384,0.0,0.994108861974384,0.991825836086059,0.004566051776575137,0.003608112137309851,-1774.2308788372359,3.199320144855741,5.294507335595437
5,71,50112,5,0.9940694984872905,0.0,0.9940694984872905,0.9899668056648491,0.008205385644808204,0.0018278086902866724,-1766.2872299848239,3.8113335779126554,-3.261154949877799
5,72,50113,5,0.9961996748608408,0.0,0.9961996748608408,0.9934548885103568,0.005489572700892671,0.0010555387886940807,-1758.948911299689,-7.277871523155794,0.48973146605766016
5,73,50114,5,0.9950133231336357,0.0,0.9950133231336357,0.9921034685842025,0.005819709098791006,0.002076822316949957,-1759.1005317429779,-10.318937181907277,3.6824175680948987
5,74,50115,5,0.994545642334585,0.0,0.994545642334585,0.9936629890896014,0.0017653064898922827,0.0045717044204501445,-1770.7381391539993,-3.1458306923681425,8.146918489584628
5,75,50116,5,0.9947698998056044,0.0,0.9947698998056044,0.9923787567196497,0.004782286171833846,0.0028389571084599602,-1755.0352597207961,-8.0396598108916,-2.662131825093944
5,76,50117,5,0.9954510933878545,0.0,0.9954510933878545,0.9923041429241024,0.006293900927429151,0.0014019561484120977,-1762.598967194112,-3.0064353238914325,-0.13164883878346767
5,77,50118,5,0.9947061124216178,0.0,0.9947061124216178,0.9916698066605312,0.00607261152209817,0.0022575818173143436,-1763.4223411383414,-5.639652439764488,3.3249422213187425
5,78,50119,5,0.9924333375616395,0.0,0.9924333375616395,0.9883529566800928,0.008160761763019303,0.003486281556832358,-1779.7749520734321,7.759984969251199,6.277915747394431
5,79,50120,5,0.99496733252804,0.0,0.99496733252804,0.9932980700803651,0.0033385248952748268,0.003363405024303753,-1765.1151607304862,-5.932641051692548,5.310750425392097
5,80,50121,5,0.9971955074211287,0.0,0.9971955074211287,0.9954939698038038,0.0034030752345745132,0.0011029549615650628,-1760.2112064329035,-5.430823830400711,-0.09502109348353455
5,81,50122,5,0.9941420184792786,0.0,0.9941420184792786,0.9901604808224099,0.007963075313662327,0.0018764438638714054,-1756.0051659638477,-11.680535050140652,1.948649657204259
5,82,50123,5,0.996985649921123,0.0,0.996985649921123,0.9955796082295479,0.0028120833830749137,0.0016083083873206694,-1762.9159052149444,-4.97947776534851,2.1583316235086945
5,83,50124,5,0.9947698998056044,0.0,0.9947698998056044,0.9923787567196497,0.004782286171833831,0.002838957108459944,-1755.035259720801,-8.039659810891605,-2.662131825093927
5,84,50125,5,0.9930619809599456,0.0,0.9930619809599456,0.9879792074534064,0.010165547013003212,0.0018552455335341662,-1759.6603273367316,-8.048840100596088,1.97211608054133
5,85,50126,5,0.9949027291293966,0.0,0.9949027291293966,0.992974770364597,0.003855917529524196,0.0031693121058225006,-1768.2553334703234,-3.1255199263628026,5.64380203989975
5,86,50127,5,0.9938631241090391,0.0,0.9938631241090391,0.9899400302136746,0.007846187790654253,0.0022137819956152913,-1774.050399786291,10.42541954818833,-2.1120711186844088
5,87,50128,5,0.9940694984872905,0.0,0.9940694984872905,0.9899668056648491,0.008205385644808194,0.0018278086902866727,-1766.2872299848236,3.81133357791268,-3.261154949877799
5,88,50129,5,0.9949027291293966,0.0,0.9949027291293966,0.992974770364597,0.0038559175295242113,0.003169312105822514,-1768.2553334703236,-3.1255199263629034,5.643802039899775
5,89,50130,5,0.9945274379715117,0.0,0.9945274379715117,0.9913108093659009,0.006433257211146567,0.0022559334228962977,-1764.0720130776851,-4.9899805004196125,3.3249422213187563
5,90,50131,5,0.9945456423345851,0.0,0.9945456423345851,0.9936629890896015,0.001765306489892278,0.004571704420450137,-1770.7381391540032,-3.1458306923681407,8.146918489584632
5,91,50132,5,0.9947061124216178,0.0,0.9947061124216178,0.9916698066605311,0.0060726115220982035,0.0022575818173143584,-1763.4223411383398,-5.639652439764537,3.32494222131872
5,92,50133,5,0.994686158332641,0.0,0.994686158332641,0.992352756203366,0.004666804258475038,0.002980439538102733,-1765.8459466743675,-2.825613009762924,2.934508327343339
5,93,50134,5,0.9949027291293966,0.0,0.9949027291293966,0.992974770364597,0.003855917529524196,0.0031693121058225054,-1768.2553334703225,-3.12551992636285,5.6438020398997555
5,94,50135,5,0.9929996389616124,0.0,0.9929996389616124,0.989001300085953,0.007996677751244,0.0030020221627469713,-1769.6464328684172,6.298389936553166,-2.389008424922277
5,95,50136,5,0.9920143596197765,0.0,0.9920143596197765,0.9887718406138661,0.006485038011745691,0.004743121374332052,-1765.7987424770815,1.1927429743974218,-1.1310518540994083
5,96,50137,5,0.9933410094380197,0.0,0.9933410094380197,0.9887937655355625,0.009094487804840148,0.0021117466595416776,-1775.702790232686,13.758071075304262,-3.7923321994062937
5,97,50138,5,0.996566383289451,0.0,0.996566383289451,0.994741074966204,0.0036506166464187794,0.001608308387320672,-1761.4310780702535,-6.464304910040144,2.1583316235087042
5,98,50139,5,0.9898021766558328,0.0,0.9898021766558328,0.9859226204761596,0.007759112359272103,0.006318267164512506,-1771.7793362085547,0.7672118151974971,5.275073036570339
5,99,50140,5,0.9960424403929534,0.0,0.9960424403929534,0.9935472610149688,0.004990358755893713,0.0014623802290808512,-1756.7641602416095,-8.823821224313052,-0.14906989086375677
5,100,50141,5,0.9906023425772376,0.0,0.9906023425772376,0.9836032726496153,0.0139981398551703,0.0023985874951587397,-1769.6234611984153,2.2345156025445405,1.6518942390857716
