k,Initialization,Seed,Actual k,Raw Score,Connectivity Penalty,Adjusted Score,Within Fraction,Between Fraction,Higher Fraction,Within Sum,Between Sum,Higher Sum,N Cross Bonds
2,1,20042,2,0.9954592824153385,0.0,0.9954592824153385,0.9909185648306584,0.009081435169285982,0.0,-1782.06911507028,16.332063713493234,0.0,3
2,2,20043,2,0.999582660447469,0.0,0.999582660447469,0.9991653208949193,0.0008346791050240738,0.0,-1764.2632275350518,-1.4738238217344128,0.0,1
2,3,20044,2,0.9985841947158773,0.0,0.9985841947158773,0.997168389431736,0.002831610568207667,0.0,-1770.7654077462705,5.02835638948436,0.0,1
2,4,20045,2,0.9983449675926065,0.0,0.9983449675926065,0.9966899351851942,0.003310064814749066,0.0,-1759.892347270992,-5.844704085795198,0.0,1
2,5,20046,2,0.999582660447469,0.0,0.999582660447469,0.9991653208949193,0.0008346791050240738,0.0,-1764.2632275350518,-1.4738238217344128,0.0,1
2,6,20047,2,0.999654782968768,0.0,0.999654782968768,0.999309565937517,0.0006904340624264934,0.0,-1766.9578621410303,1.220810784243752,0.0,1
2,7,20048,2,0.9984985514762772,0.0,0.9984985514762772,0.9969971029525356,0.0030028970474079513,0.0,-1771.0714150246222,5.3343636678343005,0.0,2
2,8,20049,2,0.9983449675926065,0.0,0.9983449675926065,0.9966899351851942,0.003310064814749066,0.0,-1759.892347270992,-5.844704085795198,0.0,1
2,9,20050,2,0.999582660447469,0.0,0.999582660447469,0.9991653208949193,0.0008346791050240738,0.0,-1764.2632275350518,-1.4738238217344128,0.0,1
2,10,20051,2,0.9954592824153385,0.0,0.9954592824153385,0.9909185648306584,0.009081435169285982,0.0,-1782.06911507028,16.332063713493234,0.0,3
2,11,20052,2,0.9984985514762772,0.0,0.9984985514762772,0.9969971029525356,0.0030028970474079513,0.0,-1771.0714150246222,5.3343636678343005,0.0,2
2,12,20053,2,0.999582660447469,0.0,0.999582660447469,0.9991653208949193,0.0008346791050240738,0.0,-1764.2632275350518,-1.4738238217344128,0.0,1
2,13,20054,2,0.999654782968768,0.0,0.999654782968768,0.999309565937517,0.0006904340624264943,0.0,-1766.9578621410303,1.2208107842437534,0.0,1
2,14,20055,2,0.9963659331369966,0.0,0.9963659331369966,0.9927318662739748,0.007268133725969375,0.0,-1778.7599689845897,13.02291762780302,0.0,2
2,15,20056,2,0.999654782968768,0.0,0.999654782968768,0.999309565937517,0.0006904340624264943,0.0,-1766.9578621410303,1.2208107842437534,0.0,1
2,16,20057,2,0.999582660447469,0.0,0.999582660447469,0.9991653208949193,0.0008346791050240738,0.0,-1764.2632275350518,-1.4738238217344128,0.0,1
2,17,20058,2,0.9983449675926065,0.0,0.9983449675926065,0.9966899351851942,0.003310064814749066,0.0,-1759.892347270992,-5.844704085795198,0.0,1
2,18,20059,2,0.9983449675926065,0.0,0.9983449675926065,0.9966899351851942,0.003310064814749066,0.0,-1759.892347270992,-5.844704085795198,0.0,1
2,19,20060,2,0.999582660447469,0.0,0.999582660447469,0.9991653208949193,0.0008346791050240738,0.0,-1764.2632275350518,-1.4738238217344128,0.0,1
2,20,20061,2,0.999582660447469,0.0,0.999582660447469,0.9991653208949193,0.0008346791050240738,0.0,-1764.2632275350518,-1.4738238217344128,0.0,1
2,21,20062,2,0.999654782968768,0.0,0.999654782968768,0.999309565937517,0.0006904340624264943,0.0,-1766.9578621410303,1.2208107842437534,0.0,1
2,22,20063,2,0.9983449675926065,0.0,0.9983449675926065,0.9966899351851942,0.003310064814749066,0.0,-1759.892347270992,-5.844704085795198,0.0,1
2,23,20064,2,0.999582660447469,0.0,0.999582660447469,0.9991653208949193,0.0008346791050240758,0.0,-1764.2632275350516,-1.4738238217344162,0.0,1
2,24,20065,2,0.9954592824153385,0.0,0.9954592824153385,0.9909185648306584,0.009081435169285983,0.0,-1782.06911507028,16.332063713493238,0.0,3
2,25,20066,2,0.9983449675926065,0.0,0.9983449675926065,0.9966899351851942,0.003310064814749066,0.0,-1759.892347270992,-5.844704085795198,0.0,1
2,26,20067,2,0.9983449675926065,0.0,0.9983449675926065,0.9966899351851942,0.003310064814749066,0.0,-1759.892347270992,-5.844704085795198,0.0,1
2,27,20068,2,0.9983449675926065,0.0,0.9983449675926065,0.9966899351851942,0.003310064814749066,0.0,-1759.892347270992,-5.844704085795198,0.0,1
2,28,20069,2,0.999654782968768,0.0,0.999654782968768,0.999309565937517,0.0006904340624264943,0.0,-1766.9578621410303,1.2208107842437534,0.0,1
2,29,20070,2,0.9983449675926065,0.0,0.9983449675926065,0.9966899351851942,0.003310064814749066,0.0,-1759.892347270992,-5.844704085795198,0.0,1
2,30,20071,2,0.9983449675926065,0.0,0.9983449675926065,0.9966899351851942,0.003310064814749066,0.0,-1759.892347270992,-5.844704085795198,0.0,1
2,31,20072,2,0.999582660447469,0.0,0.999582660447469,0.9991653208949193,0.0008346791050240738,0.0,-1764.2632275350518,-1.4738238217344128,0.0,1
2,32,20073,2,0.9963659331369966,0.0,0.9963659331369966,0.9927318662739748,0.007268133725969375,0.0,-1778.7599689845897,13.02291762780302,0.0,2
2,33,20074,2,0.9954592824153385,0.0,0.9954592824153385,0.9909185648306584,0.009081435169285982,0.0,-1782.06911507028,16.332063713493234,0.0,3
2,34,20075,2,0.999582660447469,0.0,0.999582660447469,0.9991653208949193,0.0008346791050240738,0.0,-1764.2632275350518,-1.4738238217344128,0.0,1
2,35,20076,2,0.999582660447469,0.0,0.999582660447469,0.9991653208949193,0.0008346791050240738,0.0,-1764.2632275350518,-1.4738238217344128,0.0,1
2,36,20077,2,0.9984985514762772,0.0,0.9984985514762772,0.9969971029525356,0.0030028970474079543,0.0,-1771.0714150246217,5.334363667834305,0.0,2
2,37,20078,2,0.9983449675926065,0.0,0.9983449675926065,0.9966899351851942,0.003310064814749066,0.0,-1759.892347270992,-5.844704085795198,0.0,1
2,38,20079,2,0.999654782968768,0.0,0.999654782968768,0.999309565937517,0.0006904340624264934,0.0,-1766.9578621410303,1.220810784243752,0.0,1
2,39,20080,2,0.9994714591800825,0.0,0.9994714591800825,0.9989429183601461,0.0010570816397973831,0.0,-1767.6075340803752,1.8704827235886614,0.0,1
2,40,20081,2,0.9984985514762772,0.0,0.9984985514762772,0.9969971029525356,0.0030028970474079543,0.0,-1771.0714150246217,5.334363667834305,0.0,2
2,41,20082,2,0.9993542967785766,0.0,0.9993542967785766,0.9987085935571341,0.0012914064428091474,0.0,-1763.4567671523578,-2.28028420442911,0.0,1
2,42,20083,2,0.9983449675926065,0.0,0.9983449675926065,0.9966899351851942,0.003310064814749066,0.0,-1759.892347270992,-5.844704085795198,0.0,1
2,43,20084,2,0.9984985514762772,0.0,0.9984985514762772,0.9969971029525356,0.0030028970474079543,0.0,-1771.0714150246217,5.334363667834305,0.0,2
2,44,20085,2,0.9963659331369966,0.0,0.9963659331369966,0.9927318662739748,0.007268133725969375,0.0,-1778.7599689845897,13.02291762780302,0.0,2
2,45,20086,2,0.9939992812276373,0.0,0.9939992812276373,0.9879985624552562,0.012001437544688532,0.0,-1787.4495978400994,21.71254648331342,0.0,3
2,46,20087,2,0.9954592824153385,0.0,0.9954592824153385,0.9909185648306584,0.009081435169285983,0.0,-1782.06911507028,16.332063713493238,0.0,3
2,47,20088,2,0.999582660447469,0.0,0.999582660447469,0.9991653208949193,0.0008346791050240738,0.0,-1764.2632275350518,-1.4738238217344128,0.0,1
2,48,20089,2,0.9954592824153385,0.0,0.9954592824153385,0.9909185648306584,0.009081435169285983,0.0,-1782.06911507028,16.332063713493238,0.0,3
2,49,20090,2,0.9963659331369966,0.0,0.9963659331369966,0.9927318662739748,0.007268133725969375,0.0,-1778.7599689845897,13.02291762780302,0.0,2
2,50,20091,2,0.9983449675926065,0.0,0.9983449675926065,0.9966899351851942,0.003310064814749066,0.0,-1759.892347270992,-5.844704085795198,0.0,1
2,51,20092,2,0.9984985514762772,0.0,0.9984985514762772,0.9969971029525356,0.0030028970474079513,0.0,-1771.0714150246222,5.3343636678343005,0.0,2
2,52,20093,2,0.999582660447469,0.0,0.999582660447469,0.9991653208949193,0.0008346791050240738,0.0,-1764.2632275350518,-1.4738238217344128,0.0,1
2,53,20094,2,0.9984985514762772,0.0,0.9984985514762772,0.9969971029525356,0.0030028970474079543,0.0,-1771.0714150246217,5.334363667834305,0.0,2
2,54,20095,2,0.999582660447469,0.0,0.999582660447469,0.9991653208949193,0.0008346791050240738,0.0,-1764.2632275350518,-1.4738238217344128,0.0,1
2,55,20096,2,0.999654782968768,0.0,0.999654782968768,0.999309565937517,0.0006904340624264943,0.0,-1766.9578621410303,1.2208107842437534,0.0,1
2,56,20097,2,0.9984985514762772,0.0,0.9984985514762772,0.9969971029525356,0.0030028970474079513,0.0,-1771.0714150246222,5.3343636678343005,0.0,2
2,57,20098,2,0.9984985514762772,0.0,0.9984985514762772,0.9969971029525356,0.0030028970474079543,0.0,-1771.0714150246217,5.334363667834305,0.0,2
2,58,20099,2,0.999654782968768,0.0,0.999654782968768,0.999309565937517,0.0006904340624264943,0.0,-1766.9578621410303,1.2208107842437534,0.0,1
2,59,20100,2,0.9983449675926065,0.0,0.9983449675926065,0.9966899351851942,0.003310064814749066,0.0,-1759.892347270992,-5.844704085795198,0.0,1
2,60,20101,2,0.999654782968768,0.0,0.999654782968768,0.999309565937517,0.0006904340624264943,0.0,-1766.9578621410303,1.2208107842437534,0.0,1
2,61,20102,2,0.9983449675926065,0.0,0.9983449675926065,0.9966899351851942,0.003310064814749066,0.0,-1759.892347270992,-5.844704085795198,0.0,1
2,62,20103,2,0.999654782968768,0.0,0.999654782968768,0.999309565937517,0.0006904340624264934,0.0,-1766.9578621410303,1.220810784243752,0.0,1
2,63,20104,2,0.9984985514762772,0.0,0.9984985514762772,0.9969971029525356,0.0030028970474079513,0.0,-1771.0714150246222,5.3343636678343005,0.0,2
2,64,20105,2,0.9954592824153385,0.0,0.9954592824153385,0.9909185648306584,0.009081435169285982,0.0,-1782.06911507028,16.332063713493234,0.0,3
2,65,20106,2,0.999582660447469,0.0,0.999582660447469,0.9991653208949193,0.0008346791050240738,0.0,-1764.2632275350518,-1.4738238217344128,0.0,1
2,66,20107,2,0.9994714591800825,0.0,0.9994714591800825,0.9989429183601461,0.0010570816397973831,0.0,-1767.6075340803752,1.8704827235886614,0.0,1
2,67,20108,2,0.999582660447469,0.0,0.999582660447469,0.9991653208949193,0.0008346791050240738,0.0,-1764.2632275350518,-1.4738238217344128,0.0,1
2,68,20109,2,0.999582660447469,0.0,0.999582660447469,0.9991653208949193,0.0008346791050240738,0.0,-1764.2632275350518,-1.4738238217344128,0.0,1
2,69,20110,2,0.9993542967785766,0.0,0.9993542967785766,0.9987085935571341,0.0012914064428091474,0.0,-1763.4567671523578,-2.28028420442911,0.0,1
2,70,20111,2,0.9984985514762772,0.0,0.9984985514762772,0.9969971029525356,0.0030028970474079513,0.0,-1771.0714150246222,5.3343636678343005,0.0,2
2,71,20112,2,0.999582660447469,0.0,0.999582660447469,0.9991653208949193,0.0008346791050240738,0.0,-1764.2632275350518,-1.4738238217344128,0.0,1
2,72,20113,2,0.9984985514762772,0.0,0.9984985514762772,0.9969971029525356,0.0030028970474079543,0.0,-1771.0714150246217,5.334363667834305,0.0,2
2,73,20114,2,0.9989338414385386,0.0,0.9989338414385386,0.9978676828770583,0.0021323171228849872,0.0,-1761.9719400076656,-3.765111349120737,0.0,1
2,74,20115,2,0.9984985514762772,0.0,0.9984985514762772,0.9969971029525356,0.0030028970474079543,0.0,-1771.0714150246217,5.334363667834305,0.0,2
2,75,20116,2,0.9984985514762772,0.0,0.9984985514762772,0.9969971029525356,0.0030028970474079543,0.0,-1771.0714150246217,5.334363667834305,0.0,2
2,76,20117,2,0.999582660447469,0.0,0.999582660447469,0.9991653208949193,0.0008346791050240738,0.0,-1764.2632275350518,-1.4738238217344128,0.0,1
2,77,20118,2,0.9983449675926065,0.0,0.9983449675926065,0.9966899351851942,0.003310064814749066,0.0,-1759.892347270992,-5.844704085795198,0.0,1
2,78,20119,2,0.999582660447469,0.0,0.999582660447469,0.9991653208949193,0.0008346791050240738,0.0,-1764.2632275350518,-1.4738238217344128,0.0,1
2,79,20120,2,0.9984985514762772,0.0,0.9984985514762772,0.9969971029525356,0.0030028970474079513,0.0,-1771.0714150246222,5.3343636678343005,0.0,2
2,80,20121,2,0.999582660447469,0.0,0.999582660447469,0.9991653208949193,0.0008346791050240738,0.0,-1764.2632275350518,-1.4738238217344128,0.0,1
2,81,20122,2,0.9984985514762772,0.0,0.9984985514762772,0.9969971029525356,0.0030028970474079543,0.0,-1771.0714150246217,5.334363667834305,0.0,2
2,82,20123,2,0.999582660447469,0.0,0.999582660447469,0.9991653208949193,0.0008346791050240758,0.0,-1764.2632275350516,-1.4738238217344162,0.0,1
2,83,20124,2,0.9983449675926065,0.0,0.9983449675926065,0.9966899351851942,0.003310064814749066,0.0,-1759.892347270992,-5.844704085795198,0.0,1
2,84,20125,2,0.9984985514762772,0.0,0.9984985514762772,0.9969971029525356,0.0030028970474079543,0.0,-1771.0714150246217,5.334363667834305,0.0,2
2,85,20126,2,0.999582660447469,0.0,0.999582660447469,0.9991653208949193,0.0008346791050240758,0.0,-1764.2632275350516,-1.4738238217344162,0.0,1
2,86,20127,2,0.999654782968768,0.0,0.999654782968768,0.999309565937517,0.0006904340624264943,0.0,-1766.9578621410303,1.2208107842437534,0.0,1
2,87,20128,2,0.9984985514762772,0.0,0.9984985514762772,0.9969971029525356,0.0030028970474079543,0.0,-1771.0714150246217,5.334363667834305,0.0,2
2,88,20129,2,0.999582660447469,0.0,0.999582660447469,0.9991653208949193,0.0008346791050240738,0.0,-1764.2632275350518,-1.4738238217344128,0.0,1
2,89,20130,2,0.9993542967785766,0.0,0.9993542967785766,0.9987085935571341,0.0012914064428091474,0.0,-1763.4567671523578,-2.28028420442911,0.0,1
2,90,20131,2,0.999654782968768,0.0,0.999654782968768,0.999309565937517,0.0006904340624264943,0.0,-1766.9578621410303,1.2208107842437534,0.0,1
2,91,20132,2,0.9983449675926065,0.0,0.9983449675926065,0.9966899351851942,0.003310064814749066,0.0,-1759.892347270992,-5.844704085795198,0.0,1
2,92,20133,2,0.9954592824153385,0.0,0.9954592824153385,0.9909185648306584,0.009081435169285982,0.0,-1782.06911507028,16.332063713493234,0.0,3
2,93,20134,2,0.999654782968768,0.0,0.999654782968768,0.999309565937517,0.0006904340624264943,0.0,-1766.9578621410303,1.2208107842437534,0.0,1
2,94,20135,2,0.9931558472049525,0.0,0.9931558472049525,0.9863116944098864,0.013688305590058387,0.0,-1790.5873157329981,24.850264376212348,0.0,2
2,95,20136,2,0.999654782968768,0.0,0.999654782968768,0.999309565937517,0.0006904340624264943,0.0,-1766.9578621410303,1.2208107842437534,0.0,1
2,96,20137,2,0.9985841947158773,0.0,0.9985841947158773,0.997168389431736,0.002831610568207667,0.0,-1770.7654077462705,5.02835638948436,0.0,1
2,97,20138,2,0.9984985514762772,0.0,0.9984985514762772,0.9969971029525356,0.0030028970474079513,0.0,-1771.0714150246222,5.3343636678343005,0.0,2
2,98,20139,2,0.9984985514762772,0.0,0.9984985514762772,0.9969971029525356,0.0030028970474079543,0.0,-1771.0714150246217,5.334363667834305,0.0,2
2,99,20140,2,0.9984985514762772,0.0,0.9984985514762772,0.9969971029525356,0.0030028970474079513,0.0,-1771.0714150246222,5.3343636678343005,0.0,2
2,100,20141,2,0.9983449675926065,0.0,0.9983449675926065,0.9966899351851942,0.003310064814749066,0.0,-1759.892347270992,-5.844704085795198,0.0,1
3,1,30042,3,0.9991288155135575,0.0,0.9991288155135575,0.9984528949968426,0.0013518410333543524,0.00019526396974636873,-1763.0052707304715,-2.3869958001383598,-0.3447848261761933,2
3,2,30043,3,0.9934613253512502,0.0,0.9934613253512502,0.9872429207872571,0.012436809127912745,0.0003202700847750377,-1787.6774093690608,22.52029592157043,-0.5799379092964158,4
3,3,30044,3,0.9956606390760872,0.0,0.9956606390760872,0.991632922213531,0.008055433725037689,0.0003116440613753866,-1776.163173182258,10.98432304343955,-0.558201217967146,3
3,4,30045,3,0.996956442937524,0.0,0.996956442937524,0.994579875308555,0.004753135257862621,0.0006669894335258806,-1758.5123546848267,-8.403997790369903,1.179301118410038,2
3,5,30046,3,0.9979276280400945,0.0,0.9979276280400945,0.9964177368677734,0.003019782344566827,0.0005624807876031575,-1759.4117166166038,-5.332141572835013,-0.9931931673472982,2
3,6,30047,3,0.9985165018860265,0.0,0.9985165018860265,0.9972282677417806,0.0025764682884163253,0.00019526396974636867,-1760.8429010121072,-4.549365518502766,-0.34478482617619327,2
3,7,30048,3,0.992868366699798,0.0,0.992868366699798,0.9865368015420479,0.012663130315426579,0.0008000681424702597,-1786.917505823278,22.62962064802368,-1.449166181532139,4
3,8,30049,3,0.9966393927318014,0.0,0.9966393927318014,0.9940406294295329,0.005197526604462205,0.0007618439659488569,-1773.651572407112,9.273867648571493,-1.3593465982467166,3
3,9,30050,3,0.9956606390760872,0.0,0.9956606390760872,0.991632922213531,0.008055433725037689,0.0003116440613753866,-1776.163173182258,10.98432304343955,-0.558201217967146,3
3,10,30051,3,0.993439730832455,0.0,0.993439730832455,0.9902395479459641,0.006400365772907129,0.003360086281072887,-1774.2942756564692,2.5366792037150985,6.020545095967812,3
3,11,30052,3,0.9947744999276575,0.0,0.9947744999276575,0.9931301659674405,0.003288667920358968,0.003581166112144251,-1766.2572521020372,-5.848813945180059,6.369014690431036,3
3,12,30053,3,0.9979175952371403,0.0,0.9979175952371403,0.9959650274787113,0.003905135516782873,0.00012983700444945412,-1769.2380301888732,3.2703356270936887,0.23064320499214142,3
3,13,30054,3,0.9956606390760872,0.0,0.9956606390760872,0.991632922213531,0.008055433725037668,0.000311644061375388,-1776.16317318226,10.984323043439531,-0.5582012179671489,3
3,14,30055,3,0.9961026909245255,0.0,0.9961026909245255,0.994271909574047,0.0036615627008820457,0.0020665277250146745,-1765.6218568770412,-3.7849215272398844,3.6697270474949137,2
3,15,30056,3,0.9966393927318014,0.0,0.9966393927318014,0.9940406294295329,0.005197526604462207,0.0007618439659488565,-1773.651572407112,9.273867648571496,-1.3593465982467157,3
3,16,30057,3,0.9979175952371403,0.0,0.9979175952371403,0.9959650274787113,0.0039051355167828723,0.0001298370044494544,-1769.2380301888727,3.270335627093686,0.23064320499214186,3
3,17,30058,3,0.9958664440737458,0.0,0.9958664440737458,0.9938770479249536,0.003978792297509407,0.002144159777480632,-1764.920743789483,2.9912781669426223,-3.8075857342470343,2
3,18,30059,3,0.9979276280400945,0.0,0.9979276280400945,0.9964177368677734,0.003019782344566827,0.0005624807876031575,-1759.4117166166038,-5.332141572835013,-0.9931931673472982,2
3,19,30060,3,0.9961026909245255,0.0,0.9961026909245255,0.994271909574047,0.0036615627008820457,0.0020665277250146745,-1765.6218568770412,-3.7849215272398844,3.6697270474949137,2
3,20,30061,3,0.9979175952371403,0.0,0.9979175952371403,0.9959650274787113,0.003905135516782871,0.00012983700444945404,-1769.2380301888736,3.2703356270936847,0.23064320499214136,3
3,21,30062,3,0.993439730832455,0.0,0.993439730832455,0.9902395479459641,0.006400365772907128,0.0033600862810728854,-1774.2942756564694,2.5366792037150985,6.02054509596781,3
3,22,30063,3,0.9947744999276575,0.0,0.9947744999276575,0.9931301659674405,0.0032886679203589734,0.003581166112144251,-1766.257252102037,-5.848813945180067,6.369014690431035,3
3,23,30064,3,0.9967771168881027,0.0,0.9967771168881027,0.9937164430659977,0.006121347644135387,0.000162209289810899,-1776.389740368753,10.942657966615077,-0.2899689546482079,3
3,24,30065,3,0.9900907099895576,0.0,0.9900907099895576,0.9826126907921768,0.014956038394687846,0.0024312708130802252,-1785.6445834636984,24.32573838390469,-4.418206276992093,4
3,25,30066,3,0.9979276280400945,0.0,0.9979276280400945,0.9964177368677734,0.003019782344566827,0.0005624807876031575,-1759.4117166166038,-5.332141572835013,-0.9931931673472982,2
3,26,30067,3,0.9947744999276575,0.0,0.9947744999276575,0.9931301659674405,0.003288667920358981,0.003581166112144249,-1766.257252102037,-5.848813945180082,6.3690146904310305,3
3,27,30068,3,0.9979276280400945,0.0,0.9979276280400945,0.9964177368677734,0.0030197823445668273,0.0005624807876031577,-1759.4117166166036,-5.332141572835013,-0.9931931673472985,2
3,28,30069,3,0.9947744999276575,0.0,0.9947744999276575,0.9931301659674405,0.0032886679203589734,0.003581166112144251,-1766.257252102037,-5.848813945180067,6.369014690431035,3
3,29,30070,3,0.993439730832455,0.0,0.993439730832455,0.9902395479459641,0.006400365772907129,0.003360086281072887,-1774.2942756564692,2.5366792037150985,6.020545095967812,3
3,30,30071,3,0.9972788090311641,0.0,0.9972788090311641,0.9950867741922438,0.004384069677764972,0.0005291561299345393,-1757.0615865064492,-7.74111426575986,-0.9343505845780353,2
3,31,30072,3,0.9992380197071412,0.0,0.9992380197071412,0.9984760394142635,0.0015239605856799585,0.0,-1765.484038319296,-0.25301303749066095,0.0,2
3,32,30073,3,0.9947744999276575,0.0,0.9947744999276575,0.9931301659674405,0.0032886679203589734,0.003581166112144251,-1766.257252102037,-5.848813945180067,6.369014690431035,3
3,33,30074,3,0.9979276280400945,0.0,0.9979276280400945,0.9964177368677734,0.0030197823445668273,0.0005624807876031577,-1759.4117166166036,-5.332141572835013,-0.9931931673472985,2
3,34,30075,3,0.9972788090311641,0.0,0.9972788090311641,0.9950867741922438,0.004384069677764972,0.0005291561299345393,-1757.0615865064492,-7.74111426575986,-0.9343505845780353,2
3,35,30076,3,0.9979175952371403,0.0,0.9979175952371403,0.9959650274787113,0.0039051355167828723,0.0001298370044494544,-1769.2380301888727,3.270335627093686,0.23064320499214186,3
3,36,30077,3,0.9989369572260646,0.0,0.9989369572260646,0.9980691784218565,0.0017355576083404763,0.00019526396974636862,-1762.3277281567991,-3.0645383738111227,-0.3447848261761932,2
3,37,30078,3,0.9908675756709848,0.0,0.9908675756709848,0.9818383808826133,0.018058389576670063,0.00010322954066185228,-1795.7485432181174,30.20029513167595,-0.18880327034471434,4
3,38,30079,3,0.9896818832402716,0.0,0.9896818832402716,0.9794935683663228,0.02037662974782459,0.00012980188579794218,-1791.5551932860694,26.055557722616456,-0.2374157933343956,4
3,39,30080,3,0.9960309279029079,0.0,0.9960309279029079,0.9934769727527629,0.005107910300214954,0.0014151169469659255,-1769.8272604950528,6.611165957817314,-2.5209568195518717,3
3,40,30081,3,0.9967771168881027,0.0,0.9967771168881027,0.9937164430659977,0.006121347644135387,0.000162209289810899,-1776.389740368753,10.942657966615077,-0.2899689546482079,3
3,41,30082,3,0.9979276280400945,0.0,0.9979276280400945,0.9964177368677734,0.0030197823445668273,0.0005624807876031577,-1759.4117166166036,-5.332141572835013,-0.9931931673472985,2
3,42,30083,3,0.9794900754932372,0.0,0.9794900754932372,0.9692241120793879,0.020531926827626102,0.01024396109293171,-1784.6807968293951,37.80646299910584,-18.8627175264963,2
3,43,30084,3,0.9900907099895576,0.0,0.9900907099895576,0.9826126907921768,0.014956038394687846,0.0024312708130802252,-1785.6445834636984,24.32573838390469,-4.418206276992093,4
3,44,30085,3,0.9947744999276575,0.0,0.9947744999276575,0.9931301659674405,0.0032886679203589734,0.0035811661121442546,-1766.2572521020368,-5.8488139451800665,6.36901469043104,3
3,45,30086,3,0.9979175952371403,0.0,0.9979175952371403,0.9959650274787113,0.0039051355167828727,0.00012983700444945502,-1769.2380301888732,3.270335627093689,0.23064320499214302,3
3,46,30087,3,0.9990099713783599,0.0,0.9990099713783599,0.9980199427567009,0.001980057243242541,0.0,-1764.6775779366021,-1.0594734201853622,0.0,2
3,47,30088,3,0.9979276280400945,0.0,0.9979276280400945,0.9964177368677734,0.003019782344566827,0.0005624807876031575,-1759.4117166166038,-5.332141572835013,-0.9931931673472982,2
3,48,30089,3,0.9915847012730222,0.0,0.9915847012730222,0.9841125224225817,0.01494435770080724,0.0009431198765558357,-1786.5948562621215,19.145629638888217,1.712175266447518,3
3,49,30090,3,0.9947744999276575,0.0,0.9947744999276575,0.9931301659674405,0.0032886679203589764,0.003581166112144251,-1766.257252102037,-5.848813945180073,6.369014690431035,3
3,50,30091,3,0.9967771168881027,0.0,0.9967771168881027,0.9937164430659977,0.006121347644135387,0.000162209289810899,-1776.389740368753,10.942657966615077,-0.2899689546482079,3
3,51,30092,3,0.993439730832455,0.0,0.993439730832455,0.9902395479459641,0.006400365772907129,0.003360086281072887,-1774.2942756564692,2.5366792037150985,6.020545095967812,3
3,52,30093,3,0.9947744999276575,0.0,0.9947744999276575,0.9931301659674405,0.003288667920358985,0.0035811661121442503,-1766.257252102037,-5.848813945180089,6.369014690431033,3
3,53,30094,3,0.9960309279029079,0.0,0.9960309279029079,0.9934769727527629,0.005107910300214956,0.0014151169469659264,-1769.8272604950516,6.611165957817312,-2.5209568195518717,3
3,54,30095,3,0.996956442937524,0.0,0.996956442937524,0.994579875308555,0.0047531352578626335,0.0006669894335258808,-1758.5123546848267,-8.403997790369925,1.1793011184100384,2
3,55,30096,3,0.9900907099895576,0.0,0.9900907099895576,0.9826126907921768,0.014956038394687848,0.0024312708130802235,-1785.6445834636982,24.32573838390469,-4.418206276992089,4
3,56,30097,3,0.9979276280400945,0.0,0.9979276280400945,0.9964177368677734,0.003019782344566827,0.0005624807876031575,-1759.4117166166038,-5.332141572835013,-0.9931931673472982,2
3,57,30098,3,0.9979276280400945,0.0,0.9979276280400945,0.9964177368677734,0.0030197823445668273,0.0005624807876031577,-1759.4117166166036,-5.332141572835013,-0.9931931673472985,2
3,58,30099,3,0.9934613253512502,0.0,0.9934613253512502,0.9872429207872571,0.012436809127912745,0.0003202700847750377,-1787.6774093690608,22.52029592157043,-0.5799379092964158,4
3,59,30100,3,0.9961026909245255,0.0,0.9961026909245255,0.994271909574047,0.0036615627008820444,0.0020665277250146745,-1765.6218568770412,-3.7849215272398826,3.6697270474949137,2
3,60,30101,3,0.9904654778940034,0.0,0.9904654778940034,0.983165328819733,0.014600298148467578,0.00223437303174438,-1784.8752853998722,15.081869273273217,4.056364769811525,3
3,61,30102,3,0.9947744999276575,0.0,0.9947744999276575,0.9931301659674405,0.003288667920358974,0.0035811661121442485,-1766.2572521020372,-5.848813945180069,6.3690146904310305,3
3,62,30103,3,0.9961026909245255,0.0,0.9961026909245255,0.994271909574047,0.0036615627008820444,0.0020665277250146745,-1765.6218568770412,-3.7849215272398826,3.6697270474949137,2
3,63,30104,3,0.9947744999276575,0.0,0.9947744999276575,0.9931301659674405,0.0032886679203589734,0.0035811661121442546,-1766.2572521020368,-5.8488139451800665,6.36901469043104,3
3,64,30105,3,0.9992380197071412,0.0,0.9992380197071412,0.9984760394142635,0.0015239605856799585,0.0,-1765.484038319296,-0.25301303749066095,0.0,2
3,65,30106,3,0.9979276280400945,0.0,0.9979276280400945,0.9964177368677734,0.0030197823445668273,0.0005624807876031577,-1759.4117166166036,-5.332141572835013,-0.9931931673472985,2
3,66,30107,3,0.9941417376953661,0.0,0.9941417376953661,0.990208564808713,0.007866345773231883,0.0019250894179993752,-1776.3954328634602,14.111916621922301,-3.453535115249668,3
3,67,30108,3,0.9947744999276575,0.0,0.9947744999276575,0.9931301659674405,0.003288667920358985,0.0035811661121442503,-1766.257252102037,-5.848813945180089,6.369014690431033,3
3,68,30109,3,0.9966393927318014,0.0,0.9966393927318014,0.9940406294295329,0.005197526604462207,0.0007618439659488565,-1773.651572407112,9.273867648571496,-1.3593465982467157,3
3,69,30110,3,0.9899740374950872,0.0,0.9899740374950872,0.9815201614713539,0.016907752047393077,0.0015720864811979193,-1781.8885867700556,13.297510536120136,2.8540248771485137,3
3,70,30111,3,0.9947744999276575,0.0,0.9947744999276575,0.9931301659674405,0.003288667920358968,0.003581166112144251,-1766.2572521020372,-5.848813945180059,6.369014690431036,3
3,71,30112,3,0.9947744999276575,0.0,0.9947744999276575,0.9931301659674405,0.0032886679203589704,0.00358116611214425,-1766.257252102037,-5.848813945180062,6.369014690431032,3
3,72,30113,3,0.9947744999276575,0.0,0.9947744999276575,0.9931301659674405,0.0032886679203589704,0.00358116611214425,-1766.257252102037,-5.848813945180062,6.369014690431032,3
3,73,30114,3,0.9990550019515275,0.0,0.9990550019515275,0.9981100039030362,0.0018899960969073707,0.0,-1766.1337102586406,0.39665890185424746,0.0,2
3,74,30115,3,0.9961026909245255,0.0,0.9961026909245255,0.994271909574047,0.0036615627008820457,0.0020665277250146745,-1765.6218568770412,-3.7849215272398844,3.6697270474949137,2
3,75,30116,3,0.9979276280400945,0.0,0.9979276280400945,0.9964177368677734,0.003019782344566827,0.0005624807876031575,-1759.4117166166038,-5.332141572835013,-0.9931931673472982,2
3,76,30117,3,0.9966393927318014,0.0,0.9966393927318014,0.9940406294295329,0.005197526604462206,0.0007618439659488569,-1773.651572407112,9.273867648571494,-1.3593465982467166,3
3,77,30118,3,0.9961026909245255,0.0,0.9961026909245255,0.994271909574047,0.0036615627008820457,0.0020665277250146745,-1765.6218568770412,-3.7849215272398844,3.6697270474949137,2
3,78,30119,3,0.9979276280400945,0.0,0.9979276280400945,0.9964177368677734,0.0030197823445668273,0.0005624807876031577,-1759.4117166166036,-5.332141572835013,-0.9931931673472985,2
3,79,30120,3,0.9965141268657779,0.0,0.9965141268657779,0.994339771057428,0.004348711616624702,0.0013115173258909376,-1764.0896343598804,0.6793873683929923,-2.3268043652997648,2
3,80,30121,3,0.9925299423354401,0.0,0.9925299423354401,0.9862821324767735,0.0124956197172595,0.0012222478059117062,-1786.153083789201,22.629518427746437,-2.213485995332264,4
3,81,30122,3,0.9930486274368446,0.0,0.9930486274368446,0.9876340386449354,0.010829177583744597,0.001536783771264698,-1788.1258044069846,19.60638366065968,2.7823693895388395,4
3,82,30123,3,0.9947744999276575,0.0,0.9947744999276575,0.9931301659674405,0.0032886679203589734,0.003581166112144251,-1766.257252102037,-5.848813945180067,6.369014690431035,3
3,83,30124,3,0.9947744999276575,0.0,0.9947744999276575,0.9931301659674405,0.0032886679203589734,0.003581166112144251,-1766.257252102037,-5.848813945180067,6.369014690431035,3
3,84,30125,3,0.9992380197071412,0.0,0.9992380197071412,0.9984760394142635,0.0015239605856799613,0.0,-1765.4840383192957,-0.25301303749066273,0.0,2
3,85,30126,3,0.9992380197071412,0.0,0.9992380197071412,0.9984760394142635,0.0015239605856799585,0.0,-1765.484038319296,-0.25301303749066095,0.0,2
3,86,30127,3,0.9990550019515275,0.0,0.9990550019515275,0.9981100039030362,0.0018899960969073707,0.0,-1766.1337102586406,0.39665890185424746,0.0,2
3,87,30128,3,0.9967771168881027,0.0,0.9967771168881027,0.9937164430659977,0.006121347644135387,0.000162209289810899,-1776.389740368753,10.942657966615077,-0.2899689546482079,3
3,88,30129,3,0.9947744999276575,0.0,0.9947744999276575,0.9931301659674405,0.0032886679203589764,0.003581166112144251,-1766.257252102037,-5.848813945180073,6.369014690431035,3
3,89,30130,3,0.9965141268657779,0.0,0.9965141268657779,0.994339771057428,0.004348711616624702,0.0013115173258909376,-1764.0896343598804,0.6793873683929923,-2.3268043652997648,2
3,90,30131,3,0.9947744999276575,0.0,0.9947744999276575,0.9931301659674405,0.0032886679203589734,0.003581166112144251,-1766.257252102037,-5.848813945180067,6.369014690431035,3
3,91,30132,3,0.9992380197071412,0.0,0.9992380197071412,0.9984760394142635,0.0015239605856799585,0.0,-1765.484038319296,-0.25301303749066095,0.0,2
3,92,30133,3,0.9979175952371403,0.0,0.9979175952371403,0.9959650274787113,0.0039051355167828727,0.00012983700444945502,-1769.2380301888732,3.270335627093689,0.23064320499214302,3
3,93,30134,3,0.993439730832455,0.0,0.993439730832455,0.9902395479459641,0.006400365772907129,0.003360086281072887,-1774.2942756564692,2.5366792037150985,6.020545095967812,3
3,94,30135,3,0.9961026909245255,0.0,0.9961026909245255,0.994271909574047,0.0036615627008820457,0.0020665277250146745,-1765.6218568770412,-3.7849215272398844,3.6697270474949137,2
3,95,30136,3,0.9972788090311641,0.0,0.9972788090311641,0.9950867741922438,0.004384069677764972,0.0005291561299345393,-1757.0615865064492,-7.74111426575986,-0.9343505845780353,2
3,96,30137,3,0.9947351812524664,0.0,0.9947351812524664,0.9895604882702694,0.010349385964319988,9.012576535496983e-05,-1779.626748583198,13.727614943757809,0.16208228265317653,4
3,97,30138,3,0.9990550019515275,0.0,0.9990550019515275,0.9981100039030362,0.0018899960969073722,0.0,-1766.1337102586406,0.39665890185424524,0.0,2
3,98,30139,3,0.9979276280400945,0.0,0.9979276280400945,0.9964177368677734,0.0030197823445668273,0.0005624807876031577,-1759.4117166166036,-5.332141572835013,-0.9931931673472985,2
3,99,30140,3,0.9918131706713381,0.0,0.9918131706713381,0.9853972484540909,0.012831844434421152,0.001770907111432935,-1788.9271961798672,19.97517350210369,3.214971320978176,3
3,100,30141,3,0.9979276280400945,0.0,0.9979276280400945,0.9964177368677734,0.003019782344566827,0.0005624807876031575,-1759.4117166166038,-5.332141572835013,-0.9931931673472982,2
4,1,40042,4,0.9932318628030171,0.0,0.9932318628030171,0.9892940993241567,0.007875526957646341,0.0028303737181411526,-1772.2592178699954,10.44174998489999,-3.9195834716901237,4
4,2,40043,4,0.9854591674022176,0.0,0.9854591674022176,0.9784529262773735,0.0140124822496152,0.007534591472956547,-1783.7189422521515,16.731020200123062,1.2508706952426158,5
4,3,40044,4,0.9890947088657969,0.0,0.9890947088657969,0.9841921700609698,0.009805077609579741,0.0060027523293947746,-1771.8978359154987,4.926795038318188,1.2339895203946019,4
4,4,40045,4,0.9880645866373897,0.0,0.9880645866373897,0.98409148856565,0.007946196143405493,0.007962315290889135,-1776.9918415210823,14.348590432926873,-3.093800268632118,4
4,5,40046,4,0.99324460142236,0.0,0.99324460142236,0.9890340284511815,0.008421145942281851,0.002544825606480155,-1751.5926064323498,-14.913963064837816,0.7695181404005729,3
4,6,40047,4,0.9944786067782765,0.0,0.9944786067782765,0.9908362443943817,0.007284724767714352,0.0018790308378476143,-1754.7843551796059,-12.901345834384395,1.9486496572042564,3
4,7,40048,4,0.994457031331662,0.0,0.994457031331662,0.9915398857228377,0.005834291217573368,0.0026258230595326503,-1760.7703459585932,-7.64323927834048,2.6765338801476153,3
4,8,40049,4,0.9940074563812535,0.0,0.9940074563812535,0.9889909078146496,0.01003309713313387,0.0009759950521609657,-1778.5809922601682,14.59915041501223,-1.7552095116316213,4
4,9,40050,4,0.9908932995224232,0.0,0.9908932995224232,0.9875250264083454,0.006736546228081278,0.00573842736351751,-1771.5812699408752,2.456774585315722,3.387443998773575,4
4,10,40051,4,0.9928449781509117,0.0,0.9928449781509117,0.9908585987962085,0.003972758709331306,0.00516864249440398,-1765.1627642524866,-4.440706349302913,3.8664192450032013,4
4,11,40052,4,0.9922983455143776,0.0,0.9922983455143776,0.9886682967245884,0.0072600975795041305,0.004071605695851708,-1776.4724737962651,13.045187703289706,-2.3097652638114954,4
4,12,40053,4,0.9919450605554947,0.0,0.9919450605554947,0.9863718921087835,0.011146336893348542,0.0024817709978125,-1778.6062283728616,17.34425724638061,-4.475080230304889,4
4,13,40054,4,0.9944786067782765,0.0,0.9944786067782765,0.9908362443943817,0.007284724767714357,0.0018790308378476134,-1754.7843551796059,-12.901345834384403,1.9486496572042573,3
4,14,40055,4,0.9947198476897072,0.0,0.9947198476897072,0.9914978060798384,0.006444083219663025,0.0020581107004426363,-1770.3629148171945,7.839424171930039,-3.2135607115217937,4
4,15,40056,4,0.9914848207750554,0.0,0.9914848207750554,0.9855740659747046,0.011821509600628154,0.0026044244246120254,-1784.870778123759,18.844096312620394,0.2896304543526247,5
4,16,40057,4,0.9919450605554948,0.0,0.9919450605554948,0.9863718921087835,0.011146336893348539,0.002481770997812502,-1778.6062283728616,17.344257246380607,-4.475080230304893,4
4,17,40058,4,0.9908932995224232,0.0,0.9908932995224232,0.9875250264083454,0.006736546228081278,0.00573842736351751,-1771.5812699408752,2.456774585315722,3.387443998773575,4
4,18,40059,4,0.9931084525031727,0.0,0.9931084525031727,0.9895724188054732,0.007072067395324638,0.003355513799146326,-1775.5150864407124,3.7574899879588566,6.020545095967806,4
4,19,40060,4,0.9957647774834508,0.0,0.9957647774834508,0.9935932452280242,0.004343064510778206,0.00206369026114131,-1766.8426676612853,-2.5641107429961325,3.6697270474949137,3
4,20,40061,4,0.9947198476897072,0.0,0.9947198476897072,0.9914978060798384,0.006444083219663018,0.002058110700442634,-1770.3629148171956,7.839424171930034,-3.2135607115217955,4
4,21,40062,4,0.9940074563812535,0.0,0.9940074563812535,0.9889909078146495,0.010033097133133892,0.0009759950521609656,-1778.580992260166,14.599150415012247,-1.755209511631619,4
4,22,40063,4,0.9926003659724647,0.0,0.9926003659724647,0.9886502581610292,0.007900215622796858,0.003449526216118375,-1783.752817632955,12.951902145565077,5.06386413060333,4
4,23,40064,4,0.9957647774834508,0.0,0.9957647774834508,0.9935932452280242,0.004343064510778206,0.00206369026114131,-1766.8426676612853,-2.5641107429961325,3.6697270474949137,3
4,24,40065,4,0.9955411296022807,0.0,0.9955411296022807,0.9924932391083372,0.006095780987812001,0.0014109799037946567,-1770.8905873979866,5.354639261077848,-0.20110321987805946,4
4,25,40066,4,0.9897387599795734,0.0,0.9897387599795734,0.983386738200529,0.012704043558015073,0.003909218241400735,-1783.810967078694,14.414781145721573,3.659134576186378,5
4,26,40067,4,0.9982601937581977,0.0,0.9982601937581977,0.997239989567366,0.002040408381588019,0.0007196020509893397,-1763.298481341339,-3.021385362647636,0.5828153472003214,3
4,27,40068,4,0.9886795159421079,0.0,0.9886795159421079,0.9795055695522896,0.018347892779563193,0.002146537668092143,-1782.2720748982013,14.134293929636925,2.400729611778431,4
4,28,40069,4,0.9968614694786521,0.0,0.9968614694786521,0.9950098398445693,0.0037032592680900003,0.001286900887284066,-1756.9257406782372,-6.5389821004472966,-2.272328578101527,3
4,29,40070,4,0.9932318628030171,0.0,0.9932318628030171,0.9892940993241567,0.007875526957646348,0.0028303737181411565,-1772.2592178699954,10.441749984900003,-3.9195834716901246,4
4,30,40071,4,0.9937707143000761,0.0,0.9937707143000761,0.9894519165995062,0.008637595401065856,0.0019104879993723151,-1780.2824966273156,12.976679405421724,1.5687658651068535,4
4,31,40072,4,0.9919166472172624,0.0,0.9919166472172624,0.9885407302571537,0.006751833920143143,0.004707435822647365,-1775.4512320477336,10.249496191663134,-0.5353155007153376,4
4,32,40073,4,0.9919166472172624,0.0,0.9919166472172624,0.9885407302571537,0.006751833920143141,0.0047074358226473646,-1775.4512320477338,10.249496191663143,-0.5353155007153376,4
4,33,40074,4,0.9931755672790411,0.0,0.9931755672790411,0.98879809459012,0.008754945377767704,0.0024469600320564935,-1773.8651044624096,10.645372752431296,-2.5173196468086347,4
4,34,40075,4,0.9931084525031727,0.0,0.9931084525031727,0.9895724188054732,0.007072067395324635,0.0033555137991463286,-1775.5150864407126,3.7574899879588513,6.020545095967812,4
4,35,40076,4,0.9932318628030171,0.0,0.9932318628030171,0.9892940993241567,0.007875526957646348,0.002830373718141155,-1772.2592178699954,10.4417499849,-3.919583471690128,4
4,36,40077,4,0.9854591674022176,0.0,0.9854591674022176,0.9784529262773735,0.014012482249615196,0.007534591472956542,-1783.7189422521517,16.731020200123055,1.2508706952426234,5
4,37,40078,4,0.9968614694786521,0.0,0.9968614694786521,0.9950098398445693,0.003703259268089999,0.001286900887284066,-1756.9257406782372,-6.538982100447295,-2.272328578101527,3
4,38,40079,4,0.9891408792590624,0.0,0.9891408792590624,0.9802709125571368,0.017739933403778003,0.001989154039030346,-1788.6712148457789,25.188205638755033,-2.254042149761632,5
4,39,40080,4,0.9919450605554947,0.0,0.9919450605554947,0.9863718921087835,0.01114633689334854,0.0024817709978125005,-1778.6062283728616,17.344257246380614,-4.47508023030489,4
4,40,40081,4,0.9935055943335126,0.0,0.9935055943335126,0.9913425383184098,0.004326112030131044,0.0043313496514030825,-1768.8374094845271,-1.909309964442886,5.009668092184319,4
4,41,40082,4,0.9955411296022807,0.0,0.9955411296022807,0.9924932391083372,0.0060957809878119966,0.0014109799037946551,-1770.8905873979868,5.354639261077841,-0.2011032198780633,4
4,42,40083,4,0.9949371263916015,0.0,0.9949371263916015,0.9907928349550661,0.008288582872996653,0.0009185821718815549,-1778.969897751243,14.882161947352266,-1.6493155528949244,4
4,43,40084,4,0.9905770083806203,0.0,0.9905770083806203,0.9872683573143326,0.006617302132501187,0.006114340553110359,-1769.160502098451,-5.546786005471743,8.970236747136488,4
4,44,40085,4,0.9928449781509117,0.0,0.9928449781509117,0.9908585987962085,0.0039727587093313045,0.005168642494403987,-1765.1627642524866,-4.440706349302911,3.866419245003213,4
4,45,40086,4,0.9939147616869332,0.0,0.9939147616869332,0.9926831621142537,0.002463199145284119,0.0048536387404060815,-1766.5730336898778,4.38349450533548,-3.547512172244874,3
4,46,40087,4,0.9944033640072317,0.0,0.9944033640072317,0.9888967315853404,0.01101326484370843,9.000357089550273e-05,-1780.8475593674418,14.948425728001567,0.16208228265316943,5
4,47,40088,4,0.9926003659724647,0.0,0.9926003659724647,0.9886502581610292,0.007900215622796858,0.003449526216118375,-1783.752817632955,12.951902145565077,5.06386413060333,4
4,48,40089,4,0.9935055943335126,0.0,0.9935055943335126,0.9913425383184098,0.004326112030131051,0.0043313496514030825,-1768.8374094845271,-1.9093099644428737,5.0096680921843175,4
4,49,40090,4,0.9968614694786521,0.0,0.9968614694786521,0.9950098398445693,0.003703259268089999,0.001286900887284066,-1756.9257406782372,-6.538982100447295,-2.272328578101527,3
4,50,40091,4,0.9902115538460269,0.0,0.9902115538460269,0.9841569635282482,0.01210918063548363,0.0037338558362127504,-1780.8927180841129,21.912309128399478,-6.756642401073952,4
4,51,40092,4,0.988845037798499,0.0,0.988845037798499,0.9830295399173296,0.011630995762265327,0.005339464320349986,-1781.190561327861,11.14962173721973,4.303888233854936,5
4,52,40093,4,0.994457031331662,0.0,0.994457031331662,0.9915398857228377,0.005834291217573389,0.00262582305953265,-1760.7703459585932,-7.643239278340518,2.676533880147616,3
4,53,40094,4,0.9905770083806203,0.0,0.9905770083806203,0.9872683573143326,0.006617302132501184,0.006114340553110358,-1769.1605020984512,-5.546786005471734,8.970236747136488,4
4,54,40095,4,0.9775533889094637,0.0,0.9775533889094637,0.9712027030226432,0.012701371773568518,0.016095925203733773,-1783.4970697791423,15.936234344263061,1.823784078092935,5
4,55,40096,4,0.9854591674022176,0.0,0.9854591674022176,0.9784529262773735,0.0140124822496152,0.007534591472956547,-1783.7189422521515,16.731020200123062,1.2508706952426158,5
4,56,40097,4,0.9888073255904005,0.0,0.9888073255904005,0.980155542867913,0.017303565444901976,0.002540891687130186,-1789.8418705525867,28.301361717669824,-4.1965425218688,5
4,57,40098,4,0.99728192481869,0.0,0.99728192481869,0.9960149703072144,0.002533909022875751,0.0014511206698532661,-1758.7005367775769,-4.474217046459237,-2.562297532749735,3
4,58,40099,4,0.9919719197140072,0.0,0.9919719197140072,0.988866369799798,0.006211099828343569,0.0049225303718023325,-1763.4391535809386,-11.076215107121477,8.778317331273996,3
4,59,40100,4,0.99728192481869,0.0,0.99728192481869,0.9960149703072144,0.00253390902287575,0.001451120669853266,-1758.7005367775769,-4.474217046459234,-2.5622975327497346,3
4,60,40101,4,0.9919166472172624,0.0,0.9919166472172624,0.9885407302571537,0.006751833920143132,0.0047074358226473646,-1775.4512320477336,10.249496191663116,-0.5353155007153358,4
4,61,40102,4,0.9912785725239742,0.0,0.9912785725239742,0.9851046328593098,0.012347879329254957,0.0025474878113799348,-1784.5250855033419,18.701514550114915,0.08651959644106699,5
4,62,40103,4,0.994457031331662,0.0,0.994457031331662,0.9915398857228377,0.00583429121757337,0.0026258230595326503,-1760.7703459585932,-7.6432392783404834,2.6765338801476153,3
4,63,40104,4,0.9786273926251532,0.0,0.9786273926251532,0.9678434594727785,0.021567866304677042,0.010588674222490128,-1783.3937678479997,37.16790441456675,-19.511187923353198,3
4,64,40105,4,0.9915483765635696,0.0,0.9915483765635696,0.9852232482911176,0.012650256544830391,0.0021264951639967345,-1781.3202369501478,19.427967855630413,-3.8447822622682595,4
4,65,40106,4,0.9932318628030171,0.0,0.9932318628030171,0.9892940993241567,0.007875526957646348,0.0028303737181411552,-1772.2592178699954,10.4417499849,-3.919583471690126,4
4,66,40107,4,0.9965396601071553,0.0,0.9965396601071553,0.9941363166312921,0.004806686951650912,0.001056996417000339,-1757.7281005154446,-8.49868230739956,0.4897314660576555,3
4,67,40108,4,0.9908932995224232,0.0,0.9908932995224232,0.9875250264083454,0.006736546228081277,0.005738427363517511,-1771.5812699408752,2.456774585315717,3.387443998773576,4
4,68,40109,4,0.9919166472172624,0.0,0.9919166472172624,0.9885407302571537,0.006751833920143141,0.004707435822647368,-1775.4512320477338,10.249496191663129,-0.535315500715343,4
4,69,40110,4,0.9935055943335126,0.0,0.9935055943335126,0.9913425383184098,0.004326112030131041,0.004331349651403083,-1768.837409484527,-1.9093099644428926,5.009668092184318,4
4,70,40111,4,0.9954514680261637,0.0,0.9954514680261637,0.9936063911390297,0.0036901537741930186,0.00270345508672094,-1764.4401131350944,3.503840679902806,-4.8007789015943345,3
4,71,40112,4,0.9919450605554947,0.0,0.9919450605554947,0.9863718921087834,0.011146336893348544,0.002481770997812499,-1778.6062283728613,17.34425724638061,-4.475080230304887,4
4,72,40113,4,0.9932318628030171,0.0,0.9932318628030171,0.9892940993241567,0.007875526957646348,0.002830373718141155,-1772.2592178699954,10.4417499849,-3.919583471690128,4
4,73,40114,4,0.9953581381079658,0.0,0.9953581381079658,0.9924478182939258,0.005820639628005007,0.0017315420780131359,-1767.9938756593028,4.214086302569042,-1.9572620000520784,4
4,74,40115,4,0.99324460142236,0.0,0.99324460142236,0.9890340284511815,0.008421145942281848,0.0025448256064801557,-1751.5926064323498,-14.91396306483781,0.7695181404005722,3
4,75,40116,4,0.9955411296022806,0.0,0.9955411296022806,0.9924932391083372,0.006095780987812,0.001410979903794658,-1770.8905873979868,5.354639261077848,-0.20110321987805668,4
4,76,40117,4,0.9887848611191746,0.0,0.9887848611191746,0.9805723197938123,0.016425082650651648,0.0030025975554812522,-1789.5023242753814,29.2448843617651,-5.47961144316934,5
4,77,40118,4,0.9960987620189644,0.0,0.9960987620189644,0.9940688606878312,0.004059802662191453,0.0018713366499210728,-1763.6090037054921,1.1919498813531773,-3.319997532647063,3
4,78,40119,4,0.9932318628030171,0.0,0.9932318628030171,0.9892940993241567,0.007875526957646348,0.0028303737181411565,-1772.2592178699954,10.441749984900003,-3.9195834716901246,4
4,79,40120,4,0.9935055943335126,0.0,0.9935055943335126,0.9913425383184098,0.004326112030131048,0.004331349651403083,-1768.8374094845271,-1.909309964442883,5.009668092184318,4
4,80,40121,4,0.9932318628030171,0.0,0.9932318628030171,0.9892940993241567,0.007875526957646341,0.0028303737181411526,-1772.2592178699954,10.44174998489999,-3.9195834716901237,4
4,81,40122,4,0.9917198887883112,0.0,0.9917198887883112,0.9867282597612679,0.00998325805401225,0.0032884821846641396,-1773.2073798647154,5.800765223239703,1.6695632846889366,4
4,82,40123,4,0.9939147616869332,0.0,0.9939147616869332,0.9926831621142537,0.002463199145284119,0.0048536387404060815,-1766.5730336898778,4.38349450533548,-3.547512172244874,3
4,83,40124,4,0.9955853300391767,0.0,0.9955853300391767,0.9932328435167859,0.00470497304470661,0.002062183438451228,-1767.49233960063,-1.9144388036512223,3.6697270474949137,3
4,84,40125,4,0.9908932995224232,0.0,0.9908932995224232,0.9875250264083454,0.006736546228081278,0.00573842736351751,-1771.5812699408752,2.456774585315722,3.387443998773575,4
4,85,40126,4,0.9935055943335126,0.0,0.9935055943335126,0.9913425383184098,0.004326112030131048,0.004331349651403083,-1768.8374094845271,-1.909309964442883,5.009668092184318,4
4,86,40127,4,0.99167703587741,0.0,0.99167703587741,0.9872352204321938,0.008883630890358155,0.0038811486773925228,-1777.8554389695912,5.129048960025877,6.989338652779409,5
4,87,40128,4,0.995042570254783,0.0,0.995042570254783,0.9923458263812676,0.005393487746955729,0.002260685871720395,-1762.2015303540966,-6.8604632240082335,3.3249422213187203,3
4,88,40129,4,0.9965396601071553,0.0,0.9965396601071553,0.9941363166312921,0.004806686951650912,0.001056996417000339,-1757.7281005154446,-8.49868230739956,0.4897314660576555,3
4,89,40130,4,0.9919719197140072,0.0,0.9919719197140072,0.988866369799798,0.006211099828343569,0.0049225303718023325,-1763.4391535809386,-11.076215107121477,8.778317331273996,3
4,90,40131,4,0.9908932995224232,0.0,0.9908932995224232,0.9875250264083454,0.006736546228081278,0.00573842736351751,-1771.5812699408752,2.456774585315722,3.387443998773575,4
4,91,40132,4,0.9719538791062919,0.0,0.9719538791062919,0.9565770207773971,0.03075371665771907,0.012669262564830922,-1806.3160898846293,58.07261936675566,-17.493580838911946,4
4,92,40133,4,0.9960987620189644,0.0,0.9960987620189644,0.9940688606878312,0.004059802662191453,0.0018713366499210728,-1763.6090037054921,1.1919498813531773,-3.319997532647063,3
4,93,40134,4,0.9869140674402813,0.0,0.9869140674402813,0.9758406794578836,0.022146775964722757,0.002012544577339239,-1795.752480374958,30.965531640959625,-0.9501026227891425,5
4,94,40135,4,0.9960987620189644,0.0,0.9960987620189644,0.9940688606878312,0.004059802662191453,0.0018713366499210728,-1763.6090037054921,1.1919498813531773,-3.319997532647063,3
4,95,40136,4,0.9914439691192479,0.0,0.9914439691192479,0.9846785457565529,0.013530846725316197,0.001790607518075567,-1781.182646909753,18.68462117444243,-3.239025621475126,4
4,96,40137,4,0.994457031331662,0.0,0.994457031331662,0.9915398857228377,0.005834291217573368,0.0026258230595326503,-1760.7703459585932,-7.64323927834048,2.6765338801476153,3
4,97,40138,4,0.9960987620189644,0.0,0.9960987620189644,0.9940688606878312,0.004059802662191456,0.0018713366499210728,-1763.6090037054921,1.1919498813531726,-3.319997532647063,3
4,98,40139,4,0.9954514680261637,0.0,0.9954514680261637,0.9936063911390297,0.0036901537741930207,0.0027034550867209386,-1764.4401131350944,3.5038406799028032,-4.800778901594333,3
4,99,40140,4,0.9854591674022176,0.0,0.9854591674022176,0.9784529262773735,0.014012482249615196,0.007534591472956542,-1783.7189422521517,16.731020200123055,1.2508706952426234,5
4,100,40141,4,0.9905770083806203,0.0,0.9905770083806203,0.9872683573143326,0.006617302132501187,0.006114340553110362,-1769.160502098451,-5.546786005471742,8.970236747136498,4
5,1,50042,5,0.9896622294752304,0.0,0.9896622294752304,0.9839873109993886,0.011349836951609774,0.004662852048946282,-1779.9648577148512,14.743190586226937,-0.5153842281617681,5
5,2,50043,5,0.9868287173304403,0.0,0.9868287173304403,0.9778056381381414,0.018046158384524707,0.00414820347727917,-1784.9786119751593,12.35860849721308,6.8829521211600575,5
5,3,50044,5,0.9846195259476668,0.0,0.9846195259476668,0.9785734324001152,0.01209218709502979,0.009334380504800068,-1781.3198175776602,9.822324604799554,5.7604416160747665,5
5,4,50045,5,0.9947698998056044,0.0,0.9947698998056044,0.9923787567196497,0.0047822861718338295,0.0028389571084599455,-1755.0352597208005,-8.039659810891592,-2.6621318250939257,4
5,5,50046,5,0.9889429163397164,0.0,0.9889429163397164,0.9853318113715014,0.007222209936355928,0.007445978692087064,-1769.0509415398249,-1.722328023455233,5.036218206494554,5
5,6,50047,5,0.9920143596197765,0.0,0.9920143596197765,0.9887718406138662,0.006485038011745723,0.004743121374332032,-1765.7987424770838,1.1927429743973361,-1.1310518540994206,4
5,7,50048,5,0.9868027763645606,0.0,0.9868027763645606,0.9794979872338652,0.014609578261317762,0.005892434504762154,-1784.6944577732374,14.538353970122994,4.419052446327222,5
5,8,50049,5,0.9920143596197765,0.0,0.9920143596197765,0.9887718406138662,0.006485038011745723,0.004743121374332032,-1765.7987424770838,1.1927429743973361,-1.1310518540994206,4
5,9,50050,5,0.9673827958282701,0.0,0.9673827958282701,0.9557619541699303,0.023241683316608724,0.0209963625134078,-1801.1078359569133,43.79833049404933,-8.427545893921785,6
5,10,50051,5,0.9877965755242499,0.0,0.9877965755242499,0.9797934216441391,0.01600630776014864,0.00420027059565748,-1789.4192613774749,20.603013353798758,3.0791966668899624,6
5,11,50052,5,0.9903331812012158,0.0,0.9903331812012158,0.9861458359042975,0.008374690593761976,0.005479473501884426,-1758.5876426624907,-14.934532858222077,7.785124163926699,4
5,12,50053,5,0.9851548685429915,0.0,0.9851548685429915,0.976925695745366,0.01645834559517839,0.006615958659400993,-1792.4476676810855,24.6391465611282,2.0714697631701022,6
5,13,50054,5,0.9838278100554158,0.0,0.9838278100554158,0.9775808704268482,0.01249387925706211,0.009925250316034948,-1785.596257604012,20.06604667607956,-0.20684042885344295,5
5,14,50055,5,0.9889765992861212,0.0,0.9889765992861212,0.9875473771916603,0.0028584441888475517,0.009594178619436459,-1775.2650109446977,1.4706760499049474,8.057283538006388,5
5,15,50056,5,0.9915554860778025,0.0,0.9915554860778025,0.9863005857497512,0.010509800656027498,0.003189613594164925,-1750.6750732021467,-18.654805947260435,3.5928277926209238,4
5,16,50057,5,0.9947089113964228,0.0,0.9947089113964228,0.9930041565209128,0.0034095097509448833,0.0035863337280859857,-1763.7289332960677,4.3617652062785846,-6.369883266996771,4
5,17,50058,5,0.9889429163397164,0.0,0.9889429163397164,0.9853318113715014,0.00722220993635592,0.007445978692087058,-1769.0509415398253,-1.7223280234552427,5.0362182064945475,5
5,18,50059,5,0.9906228343850344,0.0,0.9906228343850344,0.9845925939183909,0.012060480933212991,0.0033469251483405904,-1778.8027695169808,19.034331422961966,-5.9686132627668576,5
5,19,50060,5,0.9877305955246355,0.0,0.9877305955246355,0.98194499259496,0.01157120585927705,0.006483801545707627,-1776.095123004387,10.044571484336132,0.3135001632650809,5
5,20,50061,5,0.9923695396557884,0.0,0.9923695396557884,0.9880633335525569,0.008612412206388757,0.0033242542409986143,-1772.0154720263092,9.923727805914188,-3.6453071363919953,5
5,21,50062,5,0.9903960370385763,0.0,0.9903960370385763,0.9861492653161864,0.008493543444705699,0.005357191239052485,-1781.388281511824,14.040901139684355,1.610329015353662,5
5,22,50063,5,0.986850074322707,0.0,0.986850074322707,0.9801744518891835,0.013351244866973288,0.006474303243787979,-1776.0862111398656,14.579579444337748,-4.2304196612576295,5
5,23,50064,5,0.9862939826256785,0.0,0.9862939826256785,0.9785541254842701,0.015479714282743565,0.00596616023293135,-1782.1526243556277,19.780119517814246,-3.3645465189724546,6
5,24,50065,5,0.9791306515833105,0.0,0.9791306515833105,0.9693173708972868,0.019626561371975056,0.011056067730683808,-1781.5540061579536,21.80176916716655,-5.984814365999005,6
5,25,50066,5,0.9929996389616124,0.0,0.9929996389616124,0.989001300085953,0.007996677751243983,0.0030020221627469717,-1769.6464328684178,6.298389936553203,-2.389008424922279,5
5,26,50067,5,0.9746295862442365,0.0,0.9746295862442365,0.9662906104377881,0.016677951612824517,0.01703143794933319,-1781.8127609710505,23.13119900319907,-7.055489388934716,5
5,27,50068,5,0.9859573980833156,0.0,0.9859573980833156,0.9799747955413735,0.01196520508381093,0.008059999374760474,-1776.9262324339893,13.762777291056022,-2.5735962138524315,5
5,28,50069,5,0.9911792732768531,0.0,0.9911792732768531,0.9890382363307448,0.004282073892141601,0.006679689777057412,-1763.329379416738,-7.550344743831143,5.142672803782939,5
5,29,50070,5,0.9896622294752304,0.0,0.9896622294752304,0.9839873109993886,0.011349836951609776,0.0046628520489462874,-1779.964857714851,14.743190586226937,-0.5153842281617752,5
5,30,50071,5,0.9911792732768531,0.0,0.9911792732768531,0.9890382363307448,0.004282073892141611,0.006679689777057413,-1763.3293794167375,-7.550344743831124,5.142672803782939,5
5,31,50072,5,0.9912460544159698,0.0,0.9912460544159698,0.9875199330920957,0.007452242647673968,0.005027824260174599,-1773.617847211985,7.840683324746303,0.040112530453003614,5
5,32,50073,5,0.9853989259718006,0.0,0.9853989259718006,0.9767225146451979,0.0173528226531327,0.005924662701614932,-1792.325269882584,31.843130550030065,-5.254912024231663,6
5,33,50074,5,0.986216089078226,0.0,0.986216089078226,0.9794542795408289,0.013523619074721167,0.007022101384395193,-1785.7333597958989,16.722699137178775,3.2736093019344983,5
5,34,50075,5,0.9880540071331314,0.0,0.9880540071331314,0.9832444427165813,0.00961912883302635,0.007136428450337045,-1778.9367388831406,11.849387125713834,1.3503004006408,5
5,35,50076,5,0.9910159526778296,0.0,0.9910159526778296,0.9879374858405566,0.006156933674471594,0.005905580484915873,-1767.7429216349767,-0.5012023685657367,2.5070726467564883,5
5,36,50077,5,0.9878944538882412,0.0,0.9878944538882412,0.9800533987803294,0.015682110215750444,0.004264491003865235,-1783.7632921407512,25.787902058571483,-7.761661274605995,5
5,37,50078,5,0.9878004606934386,0.0,0.9878004606934386,0.9823218422819949,0.010957236822813845,0.00672092089513604,-1779.9082556624194,7.364199622093705,6.807004683539825,6
5,38,50079,5,0.9883270027752588,0.0,0.9883270027752588,0.9843435210791278,0.00796696339218766,0.007689515528628911,-1770.183270147186,-2.0665363313876495,6.512755121787369,5
5,39,50080,5,0.99494463329791,0.0,0.99494463329791,0.9921452000186979,0.005598866558349609,0.0022559334228963047,-1765.556840222378,-3.5051533557279475,3.324942221318724,4
5,40,50081,5,0.9910159526778296,0.0,0.9910159526778296,0.9879374858405566,0.006156933674471601,0.005905580484915874,-1767.7429216349767,-0.5012023685657261,2.5070726467564883,5
5,41,50082,5,0.9885584685402596,0.0,0.9885584685402596,0.9853669849703603,0.006382967139724108,0.008250047889859728,-1765.9335749312895,-0.7868288414095438,0.9833524159130973,5
5,42,50083,5,0.9911792732768531,0.0,0.9911792732768531,0.989038236330745,0.004282073892141608,0.006679689777057413,-1763.3293794167375,-7.550344743831134,5.142672803782936,5
5,43,50084,5,0.9907236417913617,0.0,0.9907236417913617,0.9864902784414721,0.00846672669970506,0.005042994858767226,-1775.8321672395805,10.618517838800084,-0.5234019560056355,4
5,44,50085,5,0.9840283740834317,0.0,0.9840283740834317,0.9758774771744688,0.016301793817853166,0.007820729007623588,-1792.2975736031358,29.939891214328384,-3.379368967978181,5
5,45,50086,5,0.986850074322707,0.0,0.986850074322707,0.9801744518891835,0.013351244866973285,0.006474303243787975,-1776.0862111398656,14.579579444337739,-4.230419661257638,5
5,46,50087,5,0.9878710112351256,0.0,0.9878710112351256,0.9789784186179964,0.01778518523418492,0.0032363961477635942,-1779.77403535189,17.56212109549463,-3.5251371003901073,6
5,47,50088,5,0.9903242462461872,0.0,0.9903242462461872,0.9849979236560105,0.010652645180278274,0.00434943116365488,-1748.3628591679392,-18.90835375161376,1.5341615627671947,4
5,48,50089,5,0.9841391685543966,0.0,0.9841391685543966,0.976838890881627,0.014600555345466412,0.008560553772851864,-1784.791480905343,18.04713667876242,1.0072928697949362,6
5,49,50090,5,0.9798949884056971,0.0,0.9798949884056971,0.9656663216433501,0.02845733352462199,0.005876344831973875,-1789.3240398004,21.693108832827647,1.893879610786616,6
5,50,50091,5,0.9744128878817376,0.0,0.9744128878817376,0.9665075234875476,0.015810728788307523,0.017681747724090535,-1782.5516579572482,26.971108552920583,-10.15650195245844,5
5,51,50092,5,0.9859326462677042,0.0,0.9859326462677042,0.9797938233801092,0.012277645775116646,0.007928530844719233,-1785.140170928549,18.702547377248234,0.7005721945151592,5
5,52,50093,5,0.989876046504397,0.0,0.989876046504397,0.9852113795036287,0.009329334001462455,0.0054592864948531964,-1775.2283192666964,14.321989993272714,-4.8307220833633675,5
5,53,50094,5,0.9928562166655993,0.0,0.9928562166655993,0.9899329210958892,0.005846591139345902,0.004220487764709287,-1778.6444210554757,9.202852166333548,3.7045175323566135,5
5,54,50095,5,0.9889429163397164,0.0,0.9889429163397164,0.9853318113715014,0.0072222099363559245,0.00744597869208706,-1769.050941539825,-1.7223280234552294,5.036218206494554,5
5,55,50096,5,0.9906348243721713,0.0,0.9906348243721713,0.9854763720503535,0.010316904643561652,0.004206723306029527,-1781.7907991403963,18.65348200207048,-2.5997342184597043,5
5,56,50097,5,0.9903787889713295,0.0,0.9903787889713295,0.9854641633686916,0.009829251205201823,0.004706585426050967,-1772.3530013874538,12.722121162808348,-6.106171132140059,5
5,57,50098,5,0.9825784405561441,0.0,0.9825784405561441,0.9769158107680915,0.011325259576031954,0.011758929655821575,-1781.0547032920597,0.8297536425564755,14.487898292717263,6
5,58,50099,5,0.98999084359694,0.0,0.98999084359694,0.9853667840418145,0.009248119110176943,0.005385096847953009,-1771.8638460143834,2.083851145647346,4.0429435119493515,4
5,59,50100,5,0.9884243698864138,0.0,0.9884243698864138,0.9841489873298641,0.008550765113025561,0.0073002475570548555,-1770.4867820913246,3.8648821811928693,0.8848485533457451,5
5,60,50101,5,0.9886390870799623,0.0,0.9886390870799623,0.9802852802861914,0.016707613587468275,0.003007106126285356,-1782.061070946155,20.11247212166736,-3.788452532298124,6
5,61,50102,5,0.9914939716230302,0.0,0.9914939716230302,0.9872925054160411,0.008402932413903734,0.004304562169999278,-1767.939459169215,6.42457261058531,-4.2221647981559745,5
5,62,50103,5,0.994965627549489,0.0,0.994965627549489,0.992407971998597,0.00511531110170893,0.0024767168996376694,-1762.389365610446,-6.366878225245392,3.019192478904956,4
5,63,50104,5,0.9920143596197765,0.0,0.9920143596197765,0.9887718406138662,0.006485038011745723,0.004743121374332032,-1765.7987424770838,1.1927429743973361,-1.1310518540994206,4
5,64,50105,5,0.9910159526778296,0.0,0.9910159526778296,0.9879374858405566,0.006156933674471598,0.0059055804849158745,-1767.7429216349765,-0.5012023685657341,2.5070726467564874,5
5,65,50106,5,0.9877372726080239,0.0,0.9877372726080239,0.9829852422834975,0.009504060648979294,0.00751069706746786,-1776.5159710407163,3.845826534926377,6.933093149003724,5
5,66,50107,5,0.9871105853208274,0.0,0.9871105853208274,0.9784726552378556,0.01727586016587,0.004251484596219196,-1777.8286609780487,10.416594122963737,1.675015498299135,5
5,67,50108,5,0.9877420546935092,0.0,0.9877420546935092,0.9840373236625446,0.007409462061855391,0.008553214275544622,-1777.092873551788,13.380897157403968,-2.025074962403269,5
5,68,50109,5,0.9941703710041133,0.0,0.9941703710041133,0.9918070737172471,0.004726594573657585,0.003466331709039024,-1766.2100339351894,-5.699860918777249,6.1728434971798025,4
5,69,50110,5,0.9915554860778025,0.0,0.9915554860778025,0.9863005857497512,0.010509800656027496,0.003189613594164924,-1750.675073202147,-18.654805947260435,3.5928277926209327,4
5,70,50111,5,0.9900984135414758,0.0,0.9900984135414758,0.9875627274600236,0.005071372162829779,0.007365900377090672,-1766.3739790635013,-2.5738858967247595,3.210813603440535,5
5,71,50112,5,0.9820231047545152,0.0,0.9820231047545152,0.9738646701137249,0.016316869281507773,0.009818460604712833,-1784.6994560788007,21.088487594391978,-2.1260828723768923,6
5,72,50113,5,0.9896622294752304,0.0,0.9896622294752304,0.9839873109993886,0.011349836951609774,0.004662852048946283,-1779.964857714851,14.743190586226932,-0.5153842281617679,5
5,73,50114,5,0.9746295862442365,0.0,0.9746295862442365,0.9662906104377881,0.016677951612824524,0.017031437949333192,-1781.81276097105,23.13119900319907,-7.055489388934718,5
5,74,50115,5,0.9903331812012158,0.0,0.9903331812012158,0.9861458359042975,0.008374690593761986,0.005479473501884422,-1758.5876426624907,-14.934532858222095,7.7851241639266915,4
5,75,50116,5,0.9844652343237845,0.0,0.9844652343237845,0.9776487640321346,0.013632940583226779,0.008718295384583852,-1783.915483396271,16.062299355864408,2.116132683620658,6
5,76,50117,5,0.9862805667865927,0.0,0.9862805667865927,0.9799547356321625,0.012651662308787065,0.007393602058995404,-1779.2533048577639,14.319407578716316,-0.8031540777381732,5
5,77,50118,5,0.9880540071331314,0.0,0.9880540071331314,0.9832444427165813,0.009619128833026352,0.0071364284503370404,-1778.9367388831406,11.849387125713836,1.350300400640795,5
5,78,50119,5,0.9859573980833156,0.0,0.9859573980833156,0.9799747955413735,0.01196520508381093,0.008059999374760474,-1776.9262324339893,13.762777291056022,-2.5735962138524315,5
5,79,50120,5,0.9877305955246355,0.0,0.9877305955246355,0.98194499259496,0.011571205859277052,0.006483801545707625,-1776.095123004387,10.044571484336144,0.31350016326508007,5
5,80,50121,5,0.9910159526778296,0.0,0.9910159526778296,0.9879374858405566,0.006156933674471601,0.005905580484915874,-1767.7429216349767,-0.5012023685657261,2.5070726467564883,5
5,81,50122,5,0.9871902289059293,0.0,0.9871902289059293,0.9801165849869149,0.014147287837955512,0.00573612717507456,-1779.5867421995106,22.932476278901067,-9.08278543617595,5
5,82,50123,5,0.9866137949302546,0.0,0.9866137949302546,0.9798623173747135,0.01350295511100872,0.0066347275142227165,-1779.4819835377577,11.179882771974253,2.565049408997508,6
5,83,50124,5,0.9904984724649705,0.0,0.9904984724649705,0.9828046819100742,0.015387581109719483,0.001807736980151398,-1790.102402861949,24.58311800908542,-0.21776650392215346,5
5,84,50125,5,0.9877305955246355,0.0,0.9877305955246355,0.98194499259496,0.01157120585927705,0.006483801545707625,-1776.095123004387,10.044571484336142,0.31350016326508146,5
5,85,50126,5,0.9855019619263192,0.0,0.9855019619263192,0.9787549709713765,0.013493981909812313,0.007751047118756324,-1786.0099522452783,22.696306201872336,-2.4234053133798654,5
5,86,50127,5,0.9743263106842308,0.0,0.9743263106842308,0.9654304329308475,0.01779175550669452,0.01677781156240397,-1788.1703741959143,30.505399874003512,-8.072077034875054,5
5,87,50128,5,0.9859326462677042,0.0,0.9859326462677042,0.9797938233801092,0.012277645775116648,0.007928530844719233,-1785.140170928549,18.702547377248237,0.7005721945151587,5
5,88,50129,5,0.9912460544159698,0.0,0.9912460544159698,0.9875199330920957,0.0074522426476739696,0.0050278242601746025,-1773.617847211985,7.84068332474632,0.04011253045299651,5
5,89,50130,5,0.9926548029478122,0.0,0.9926548029478122,0.989227199363764,0.006855207168021534,0.003917593468158459,-1764.9676330474815,-1.1191478241522925,0.34972951484785053,4
5,90,50131,5,0.9877965755242499,0.0,0.9877965755242499,0.9797934216441391,0.01600630776014864,0.00420027059565748,-1789.4192613774749,20.603013353798758,3.0791966668899624,6
5,91,50132,5,0.9885584685402596,0.0,0.9885584685402596,0.9853669849703603,0.0063829671397241045,0.008250047889859719,-1765.9335749312895,-0.7868288414095513,0.9833524159130946,5
5,92,50133,5,0.9863674563573596,0.0,0.9863674563573596,0.9803878362686614,0.011959240177322854,0.0076529235539606645,-1781.4015212321033,18.286222610584502,-2.6217527352665764,5
5,93,50134,5,0.9907236417913617,0.0,0.9907236417913617,0.9864902784414721,0.00846672669970506,0.005042994858767226,-1775.8321672395805,10.618517838800084,-0.5234019560056355,4
5,94,50135,5,0.98897670812237,0.0,0.98897670812237,0.9817468593584939,0.014459697527678903,0.0037934431137722105,-1786.1776427124553,20.78581818409907,-0.34522682842913616,6
5,95,50136,5,0.9894221754930005,0.0,0.9894221754930005,0.9842597260608539,0.010324898864218703,0.005415375074871612,-1764.6776707348083,1.5799051028247115,-2.639285724802044,5
5,96,50137,5,0.9859573980833156,0.0,0.9859573980833156,0.9799747955413735,0.011965205083810928,0.008059999374760474,-1776.9262324339893,13.762777291056016,-2.5735962138524324,5
5,97,50138,5,0.9746041449378452,0.0,0.9746041449378452,0.9659371741394471,0.01733394159672435,0.016728884263774634,-1790.8525387214077,24.74890897536477,0.36657838925658465,6
5,98,50139,5,0.9911792732768531,0.0,0.9911792732768531,0.9890382363307448,0.004282073892141613,0.006679689777057413,-1763.3293794167373,-7.550344743831126,5.142672803782938,5
5,99,50140,5,0.9910756237417636,0.0,0.9910756237417636,0.9883205862483094,0.005510074986833876,0.006169338764800744,-1766.076424475402,-6.5410970912164705,6.880470209832914,5
5,100,50141,5,0.9886390870799623,0.0,0.9886390870799623,0.9802852802861914,0.016707613587468268,0.003007106126285358,-1782.061070946155,20.112472121667345,-3.7884525322981273,6
