mol_idx,smiles,n_atoms,k_requested,n_partitions,score,within_frac,between_frac,higher_frac,prediction,atom_baseline,validation_passed,validation_error,strategy,contribution_setting
0,CC1=C(N)C=NO1,13,2,2,0.9990012639540917,0.998002527908157,0.0019974720917639703,0.0,-1261.5773353406917,0.0,True,5.406890304869291e-16,Distance (k=2),with_single_atom_contributions
1,CC#CC1CC(C)C1O,21,2,2,0.9997214597417187,0.9994429194834209,0.0005570805165296132,0.0,-2019.579175708967,0.0,True,2.2516936020931387e-16,Distance (k=2),with_single_atom_contributions
2,C1OC11C2C3CN2C13,15,2,2,0.9851868493788455,0.9703736987576689,0.029626301242265406,0.0,-1432.333978567099,0.0,True,1.587434766231545e-16,Distance (k=2),with_single_atom_contributions
3,C1NC2C3COCC12O3,18,2,2,0.9985564464379428,0.9971128928758662,0.0028871071240755813,0.0,-1709.9491432050593,0.0,True,9.307971143043888e-16,Distance (k=2),with_single_atom_contributions
4,O=C1CC2(CC1O2)C#C,15,2,2,0.9963622744699442,0.9927245489398677,0.007275451060070017,0.0,-1585.2289793332293,0.0,True,5.737308071136939e-16,Distance (k=2),with_single_atom_contributions
5,CC1N2CC2(C#C)C1=O,16,2,2,0.9994698297471437,0.9989396594942669,0.0010603405056720573,0.0,-1638.6151914305615,0.0,True,6.937982652434522e-16,Distance (k=2),with_single_atom_contributions
6,O=CC1OCC11CCO1,17,2,2,0.997403344882362,0.994806689764704,0.005193310235236118,0.0,-1653.7687905893724,0.0,True,8.249291318244791e-16,Distance (k=2),with_single_atom_contributions
7,CC12COCC1(C)C2O,21,2,2,0.9998549189152355,0.999709837830454,0.00029016216949550395,0.0,-1980.9096562034208,0.0,True,5.739122799749517e-16,Distance (k=2),with_single_atom_contributions
8,CNC(=O)CC1CN1,18,2,2,0.9991132573353053,0.9982265146705905,0.0017734853293496888,0.0,-1669.6283676037929,0.0,True,1.3618220668443674e-16,Distance (k=2),with_single_atom_contributions
9,CC12C3C(CN13)OC2=O,16,2,2,0.999665517951089,0.9993310359021578,0.000668964097780526,0.0,-1618.1339928096172,0.0,True,1.5456757233884204e-15,Distance (k=2),with_single_atom_contributions
10,COC12C(C)C1CC2C,23,2,2,0.9978437793655942,0.9956875587311728,0.004312441268780953,0.0,-2142.2303783647435,0.0,True,1.485942636400758e-15,Distance (k=2),with_single_atom_contributions
11,CC1C2CC2(C)C1=NO,20,2,2,0.9960663075715037,0.9921326151429901,0.007867384856957626,0.0,-1884.4887779695775,0.0,True,0.0,Distance (k=2),with_single_atom_contributions
12,NC(C#C)(C#N)C1CO1,15,2,2,0.9979587283860258,0.9959174567720298,0.004082543227905037,0.0,-1522.078526748084,0.0,True,2.9876733880347196e-16,Distance (k=2),with_single_atom_contributions
13,CCCC1=NC=NN=N1,17,2,2,0.9989947988974631,0.9979895977949059,0.002010402205033095,0.0,-1633.5341333303422,0.0,True,5.567650428697528e-16,Distance (k=2),with_single_atom_contributions
14,O=CC1=CC(=O)C(=O)C1,13,2,2,0.9964428106725393,0.9928856213450556,0.007114378654876121,0.0,-1468.7092323270667,0.0,True,0.0,Distance (k=2),with_single_atom_contributions
15,OC12C=CC3OC1C2O3,15,2,2,0.9915257053119061,0.9830514106237905,0.01694858937614453,0.0,-1539.7034466654081,0.0,True,4.430210426604852e-16,Distance (k=2),with_single_atom_contributions
16,CCC(COC=N)=NO,19,2,2,0.9974549540594116,0.9949099081188039,0.005090091881138614,0.0,-1737.5095308442717,0.0,True,2.617236583821627e-16,Distance (k=2),with_single_atom_contributions
17,N#CC12OCC(O1)C=C2,14,2,2,0.9975694624070989,0.9951389248141758,0.004861075185758146,0.0,-1500.7105462489424,0.0,True,6.060427202608582e-16,Distance (k=2),with_single_atom_contributions
18,NC(=O)C(=O)C(O)CO,16,2,2,0.9975047066671321,0.9950094133342428,0.004990586665693174,0.0,-1543.56841988232,0.0,True,1.4730391767185289e-16,Distance (k=2),with_single_atom_contributions
19,CC1=NCC(O1)C(N)=O,17,2,2,0.9992080688979676,0.9984161377959154,0.0015838622040250045,0.0,-1678.2201106753193,0.0,True,0.0,Distance (k=2),with_single_atom_contributions
0,CC1=C(N)C=NO1,13,3,3,0.9943258416806647,0.9919237469765435,0.004804189408137504,0.003272063615240279,-1261.5773353406917,0.0,True,5.406890304869291e-16,Distance (k=3),with_single_atom_contributions
1,CC#CC1CC(C)C1O,21,3,3,0.993774541556049,0.9907312510598587,0.0060865809923153595,0.0031821679477769165,-2019.579175708967,0.0,True,5.629234005232846e-16,Distance (k=3),with_single_atom_contributions
2,C1OC11C2C3CN2C13,15,3,3,0.9696372166402313,0.9470676194655717,0.04513919434923437,0.007793186185130412,-1432.333978567099,0.0,True,3.17486953246309e-16,Distance (k=3),with_single_atom_contributions
3,C1NC2C3COCC12O3,18,3,3,0.9968515115672361,0.9943941324366719,0.0049147582610510505,0.0006911093022190272,-1709.9491432050593,0.0,True,3.989130489875952e-16,Distance (k=3),with_single_atom_contributions
4,O=C1CC2(CC1O2)C#C,15,3,3,0.9966470170202077,0.9939278015237122,0.005438430992907434,0.0006337674833176654,-1585.2289793332293,0.0,True,1.4343270177842348e-16,Distance (k=3),with_single_atom_contributions
5,CC1N2CC2(C#C)C1=O,16,3,3,0.9971487857953475,0.9943710530373819,0.005555465515849862,7.348144670721485e-05,-1638.6151914305615,0.0,True,1.3875965304869043e-16,Distance (k=3),with_single_atom_contributions
6,O=CC1OCC11CCO1,17,3,3,0.9944056249075981,0.9907705712209495,0.007270107373217494,0.001959321405773308,-1653.7687905893724,0.0,True,6.874409431870659e-16,Distance (k=3),with_single_atom_contributions
7,CC12COCC1(C)C2O,21,3,3,0.9887917622960165,0.984797979608496,0.007987565374974687,0.007214455016479578,-1980.9096562034208,0.0,True,5.739122799749517e-16,Distance (k=3),with_single_atom_contributions
8,CNC(=O)CC1CN1,18,3,3,0.9980037754918257,0.9965816126679735,0.0028443256476249706,0.0005740616843417933,-1669.6283676037929,0.0,True,1.3618220668443674e-16,Distance (k=3),with_single_atom_contributions
9,CC12C3C(CN13)OC2=O,16,3,3,0.9982803105113796,0.9973359405286231,0.0018887399654310044,0.0007753195058843515,-1618.1339928096172,0.0,True,7.025798742674638e-16,Distance (k=3),with_single_atom_contributions
10,COC12C(C)C1CC2C,23,3,3,0.9913355896030059,0.9859141427299394,0.010842893746072436,0.003242963523942533,-2142.2303783647435,0.0,True,8.491100779432902e-16,Distance (k=3),with_single_atom_contributions
11,CC1C2CC2(C)C1=NO,20,3,3,0.9940547777324027,0.9917821738037733,0.0045452078571888805,0.0036726183389854936,-1884.4887779695775,0.0,True,1.2065536186859193e-16,Distance (k=3),with_single_atom_contributions
12,NC(C#C)(C#N)C1CO1,15,3,3,0.9864034820910161,0.9767219515582337,0.01936306106548059,0.003914987376222543,-1522.078526748084,0.0,True,1.4938366940173598e-16,Distance (k=3),with_single_atom_contributions
13,CCCC1=NC=NN=N1,17,3,3,0.9939740824751334,0.9917760528765259,0.004396059197133929,0.003827887926279313,-1633.5341333303422,0.0,True,6.959563035871911e-16,Distance (k=3),with_single_atom_contributions
14,O=CC1=CC(=O)C(=O)C1,13,3,3,0.9920418219023946,0.9880881710850675,0.007907301634564805,0.004004527280300542,-1468.7092323270667,0.0,True,1.238495247056949e-15,Distance (k=3),with_single_atom_contributions
15,OC12C=CC3OC1C2O3,15,3,3,0.9909678078799389,0.9820812065042581,0.01777320275127659,0.0001455907444014925,-1539.7034466654081,0.0,True,1.476736808868284e-16,Distance (k=3),with_single_atom_contributions
16,CCC(COC=N)=NO,19,3,3,0.9979641804614935,0.9977532489931746,0.00042186293656125163,0.0018248880702067208,-1737.5095308442717,0.0,True,2.617236583821627e-16,Distance (k=3),with_single_atom_contributions
17,N#CC12OCC(O1)C=C2,14,3,3,0.9913846796419684,0.986059551339346,0.010650256605156097,0.0032901920554314623,-1500.7105462489424,0.0,True,1.5151068006521456e-16,Distance (k=3),with_single_atom_contributions
18,NC(=O)C(=O)C(O)CO,16,3,3,0.9967801209614212,0.9948633761470227,0.003833489628710588,0.0013031342242018696,-1543.56841988232,0.0,True,2.9460783534370577e-16,Distance (k=3),with_single_atom_contributions
19,CC1=NCC(O1)C(N)=O,17,3,3,0.9953287318423761,0.9940370702113352,0.002583323262002331,0.003379606526602993,-1678.2201106753193,0.0,True,1.3548501415092854e-16,Distance (k=3),with_single_atom_contributions
0,CC1=C(N)C=NO1,13,2,2,0.9987746231880944,0.9975492463761626,0.0024507536237585426,0.0,-1261.5773353406917,0.0,True,3.6045935365795276e-16,Random (k=2),with_single_atom_contributions
1,CC#CC1CC(C)C1O,21,2,2,0.9986708783079518,0.997341756615887,0.002658243384063678,0.0,-2019.579175708967,0.0,True,6.755080806279416e-16,Random (k=2),with_single_atom_contributions
2,C1OC11C2C3CN2C13,15,2,2,0.9775088609444961,0.9550177218889709,0.044982278110965515,0.0,-1432.333978567099,0.0,True,1.587434766231545e-16,Random (k=2),with_single_atom_contributions
3,C1NC2C3COCC12O3,18,2,2,0.9908985991268086,0.9817971982535981,0.018202801746345428,0.0,-1709.9491432050593,0.0,True,6.64855081645992e-16,Random (k=2),with_single_atom_contributions
4,O=C1CC2(CC1O2)C#C,15,2,2,0.9981204127154939,0.9962408254309668,0.0037591745689705336,0.0,-1585.2289793332293,0.0,True,1.4343270177842348e-16,Random (k=2),with_single_atom_contributions
5,CC1N2CC2(C#C)C1=O,16,2,2,0.9933388037826875,0.9866776075653545,0.013322392434584402,0.0,-1638.6151914305615,0.0,True,1.3875965304869043e-16,Random (k=2),with_single_atom_contributions
6,O=CC1OCC11CCO1,17,2,2,0.9925384531316537,0.9850769062632876,0.01492309373665368,0.0,-1653.7687905893724,0.0,True,2.7497637727482635e-16,Random (k=2),with_single_atom_contributions
7,CC12COCC1(C)C2O,21,2,2,0.998587574211054,0.9971751484220915,0.002824851577858249,0.0,-1980.9096562034208,0.0,True,4.591298239799613e-16,Random (k=2),with_single_atom_contributions
8,CNC(=O)CC1CN1,18,2,2,0.9973579623958516,0.9947159247916834,0.005284075208256715,0.0,-1669.6283676037929,0.0,True,1.3618220668443674e-16,Random (k=2),with_single_atom_contributions
9,CC12C3C(CN13)OC2=O,16,2,2,0.9955606068680525,0.9911212137360843,0.00887878626385384,0.0,-1618.1339928096172,0.0,True,4.2154792456047825e-16,Random (k=2),with_single_atom_contributions
10,COC12C(C)C1CC2C,23,2,2,0.999205133301959,0.9984102666039025,0.0015897333960508463,0.0,-2142.2303783647435,0.0,True,1.0613875974291129e-15,Random (k=2),with_single_atom_contributions
11,CC1C2CC2(C)C1=NO,20,2,2,0.989627713339929,0.9792554266798411,0.020744573320107998,0.0,-1884.4887779695775,0.0,True,4.826214474743677e-16,Random (k=2),with_single_atom_contributions
12,NC(C#C)(C#N)C1CO1,15,2,2,0.9994383396804393,0.9988766793608566,0.0011233206390776948,0.0,-1522.078526748084,0.0,True,1.4938366940173598e-16,Random (k=2),with_single_atom_contributions
13,CCCC1=NC=NN=N1,17,2,2,0.9955573582851177,0.9911147165702153,0.008885283429724606,0.0,-1633.5341333303422,0.0,True,0.0,Random (k=2),with_single_atom_contributions
14,O=CC1=CC(=O)C(=O)C1,13,2,2,0.9879170058060361,0.9758340116120495,0.024165988387882285,0.0,-1468.7092323270667,0.0,True,1.5481190588211863e-16,Random (k=2),with_single_atom_contributions
15,OC12C=CC3OC1C2O3,15,2,2,0.9986917210280027,0.997383442055984,0.002616557943951317,0.0,-1539.7034466654081,0.0,True,1.476736808868284e-16,Random (k=2),with_single_atom_contributions
16,CCC(COC=N)=NO,19,2,2,0.984607379886401,0.9692147597727842,0.030785240227161854,0.0,-1737.5095308442717,0.0,True,1.3086182919108136e-16,Random (k=2),with_single_atom_contributions
17,N#CC12OCC(O1)C=C2,14,2,2,0.993606389103494,0.9872127782069657,0.012787221792967632,0.0,-1500.7105462489424,0.0,True,0.0,Random (k=2),with_single_atom_contributions
18,NC(=O)C(=O)C(O)CO,16,2,2,0.9967769261945639,0.9935538523891065,0.0064461476108294774,0.0,-1543.56841988232,0.0,True,4.4191175301555866e-16,Random (k=2),with_single_atom_contributions
19,CC1=NCC(O1)C(N)=O,17,2,2,0.9878837765764814,0.9757675531529431,0.02423244684699722,0.0,-1678.2201106753193,0.0,True,1.3548501415092854e-16,Random (k=2),with_single_atom_contributions
0,CC1=C(N)C=NO1,13,3,3,0.9685402515649445,0.9496213926690793,0.037837717791630254,0.012540889539215163,-1261.5773353406917,0.0,True,5.406890304869291e-16,Random (k=3),with_single_atom_contributions
1,CC#CC1CC(C)C1O,21,3,3,0.992319913619768,0.9891866694801466,0.006266488279177654,0.004546842240626861,-2019.579175708967,0.0,True,7.880927607325985e-16,Random (k=3),with_single_atom_contributions
2,C1OC11C2C3CN2C13,15,3,3,0.9766223533645745,0.9666258532606774,0.019993000207707154,0.013381146531550068,-1432.333978567099,0.0,True,0.0,Random (k=3),with_single_atom_contributions
3,C1NC2C3COCC12O3,18,3,3,0.9896877918756171,0.9841785534231918,0.01101847690477484,0.004802969671976678,-1709.9491432050593,0.0,True,3.989130489875952e-16,Random (k=3),with_single_atom_contributions
4,O=C1CC2(CC1O2)C#C,15,3,3,0.991882799422715,0.9876429972682425,0.00847960430886192,0.0038773984228332886,-1585.2289793332293,0.0,True,1.4343270177842348e-16,Random (k=3),with_single_atom_contributions
5,CC1N2CC2(C#C)C1=O,16,3,3,0.9939710606557216,0.9932091911283469,0.0015237390546682414,0.0052670698169239236,-1638.6151914305615,0.0,True,2.7751930609738085e-16,Random (k=3),with_single_atom_contributions
6,O=CC1OCC11CCO1,17,3,3,0.9752964333434959,0.960669289787962,0.029254287110991904,0.010076423100989185,-1653.7687905893724,0.0,True,2.7497637727482635e-16,Random (k=3),with_single_atom_contributions
7,CC12COCC1(C)C2O,21,3,3,0.9981773494470633,0.9967998788830076,0.0027549411280442322,0.0004451799888978794,-1980.9096562034208,0.0,True,4.591298239799613e-16,Random (k=3),with_single_atom_contributions
8,CNC(=O)CC1CN1,18,3,3,0.991639162801517,0.987516503478102,0.008245318646750996,0.004238177875087634,-1669.6283676037929,0.0,True,1.3618220668443674e-16,Random (k=3),with_single_atom_contributions
9,CC12C3C(CN13)OC2=O,16,3,3,0.9695073231063353,0.9491934003956488,0.04062784542129452,0.01017875418299786,-1618.1339928096172,0.0,True,2.810319497069855e-16,Random (k=3),with_single_atom_contributions
10,COC12C(C)C1CC2C,23,3,3,0.9794598895200396,0.9693814539285839,0.020156871182851706,0.010461674888519675,-2142.2303783647435,0.0,True,1.0613875974291129e-15,Random (k=3),with_single_atom_contributions
11,CC1C2CC2(C)C1=NO,20,3,3,0.9869173449820429,0.9813262260693035,0.01118223782541039,0.007491536105234946,-1884.4887779695775,0.0,True,3.619660856057758e-16,Random (k=3),with_single_atom_contributions
12,NC(C#C)(C#N)C1CO1,15,3,3,0.9941345798855309,0.9920594545214733,0.004150250728028543,0.0037902947504331393,-1522.078526748084,0.0,True,1.4938366940173598e-16,Random (k=3),with_single_atom_contributions
13,CCCC1=NC=NN=N1,17,3,3,0.9645414762420185,0.9465927551328599,0.03589744221824088,0.017509802648842047,-1633.5341333303422,0.0,True,1.391912607174382e-16,Random (k=3),with_single_atom_contributions
14,O=CC1=CC(=O)C(=O)C1,13,3,3,0.9900731820470335,0.9849875397389886,0.010171284616000325,0.004841175644943944,-1468.7092323270667,0.0,True,1.5481190588211863e-16,Random (k=3),with_single_atom_contributions
15,OC12C=CC3OC1C2O3,15,3,3,0.9697143448703177,0.9557721346493241,0.027884420441905033,0.016343444908709273,-1539.7034466654081,0.0,True,1.476736808868284e-16,Random (k=3),with_single_atom_contributions
16,CCC(COC=N)=NO,19,3,3,0.9811576971617811,0.9655553518356113,0.031204690652267247,0.0032399575120671993,-1737.5095308442717,0.0,True,1.3086182919108136e-16,Random (k=3),with_single_atom_contributions
17,N#CC12OCC(O1)C=C2,14,3,3,0.9913492987812323,0.9895457451748311,0.0036071072127136813,0.00684714761238859,-1500.7105462489424,0.0,True,1.5151068006521456e-16,Random (k=3),with_single_atom_contributions
18,NC(=O)C(=O)C(O)CO,16,3,3,0.994080729524535,0.9899806132440147,0.008200232560954944,0.0018191541949661464,-1543.56841988232,0.0,True,5.892156706874115e-16,Random (k=3),with_single_atom_contributions
19,CC1=NCC(O1)C(N)=O,17,3,3,0.9889221744286866,0.9807397149010859,0.01636491905512206,0.0028953660437326663,-1678.2201106753193,0.0,True,0.0,Random (k=3),with_single_atom_contributions
0,CC1=C(N)C=NO1,13,2,2,0.9991839576729583,0.9983679153458903,0.0016320846540304095,0.0,-1261.5773353406917,0.0,True,0.0,Greedy-Random (k=2),with_single_atom_contributions
1,CC#CC1CC(C)C1O,21,2,2,0.999699527712373,0.9993990554247294,0.0006009445752210624,0.0,-2019.579175708967,0.0,True,6.755080806279416e-16,Greedy-Random (k=2),with_single_atom_contributions
2,C1OC11C2C3CN2C13,15,2,2,0.9998855969782289,0.9997711939564345,0.00022880604349561877,0.0,-1432.333978567099,0.0,True,9.524608597389272e-16,Greedy-Random (k=2),with_single_atom_contributions
3,C1NC2C3COCC12O3,18,2,2,0.9976057250990337,0.9952114501980478,0.004788549801894216,0.0,-1709.9491432050593,0.0,True,0.0,Greedy-Random (k=2),with_single_atom_contributions
4,O=C1CC2(CC1O2)C#C,15,2,2,0.9999914519263396,0.9999829038526583,1.7096147278566384e-05,0.0,-1585.2289793332293,0.0,True,7.171635088921174e-16,Greedy-Random (k=2),with_single_atom_contributions
5,CC1N2CC2(C#C)C1=O,16,2,2,0.9971140638769708,0.9942281277539213,0.0057718722460183116,0.0,-1638.6151914305615,0.0,True,6.937982652434522e-16,Greedy-Random (k=2),with_single_atom_contributions
6,O=CC1OCC11CCO1,17,2,2,0.9974467934988636,0.9948935869977072,0.005106413002232846,0.0,-1653.7687905893724,0.0,True,1.2373936977367187e-15,Greedy-Random (k=2),with_single_atom_contributions
7,CC12COCC1(C)C2O,21,2,2,0.9988880232845346,0.9977760465690526,0.0022239534308971165,0.0,-1980.9096562034208,0.0,True,1.033042103954913e-15,Greedy-Random (k=2),with_single_atom_contributions
8,CNC(=O)CC1CN1,18,2,2,0.9996377483591582,0.9992754967182966,0.0007245032816434969,0.0,-1669.6283676037929,0.0,True,2.723644133688735e-16,Greedy-Random (k=2),with_single_atom_contributions
9,CC12C3C(CN13)OC2=O,16,2,2,0.9967279730317715,0.9934559460635227,0.006544053936416294,0.0,-1618.1339928096172,0.0,True,1.4051597485349275e-16,Greedy-Random (k=2),with_single_atom_contributions
10,COC12C(C)C1CC2C,23,2,2,0.997771113803506,0.9955422276069968,0.004457772392956909,0.0,-2142.2303783647435,0.0,True,1.485942636400758e-15,Greedy-Random (k=2),with_single_atom_contributions
11,CC1C2CC2(C)C1=NO,20,2,2,0.9976683513836299,0.9953367027672423,0.004663297232705141,0.0,-1884.4887779695775,0.0,True,6.032768093429597e-16,Greedy-Random (k=2),with_single_atom_contributions
12,NC(C#C)(C#N)C1CO1,15,2,2,0.9978582570036579,0.9957165140072941,0.004283485992640836,0.0,-1522.078526748084,0.0,True,2.9876733880347196e-16,Greedy-Random (k=2),with_single_atom_contributions
13,CCCC1=NC=NN=N1,17,2,2,0.9993684262962814,0.9987368525925425,0.0012631474073964224,0.0,-1633.5341333303422,0.0,True,8.351475643046293e-16,Greedy-Random (k=2),with_single_atom_contributions
14,O=CC1=CC(=O)C(=O)C1,13,2,2,0.9969498920679903,0.9938997841359584,0.006100215863974368,0.0,-1468.7092323270667,0.0,True,1.5481190588211863e-16,Greedy-Random (k=2),with_single_atom_contributions
15,OC12C=CC3OC1C2O3,15,2,2,0.9994934762019695,0.9989869524039172,0.0010130475960179084,0.0,-1539.7034466654081,0.0,True,1.476736808868284e-16,Greedy-Random (k=2),with_single_atom_contributions
16,CCC(COC=N)=NO,19,2,2,0.9984787149341715,0.996957429868324,0.003042570131618735,0.0,-1737.5095308442717,0.0,True,3.92585487573244e-16,Greedy-Random (k=2),with_single_atom_contributions
17,N#CC12OCC(O1)C=C2,14,2,2,0.9943596991162554,0.9887193982324887,0.011280601767444725,0.0,-1500.7105462489424,0.0,True,1.5151068006521456e-16,Greedy-Random (k=2),with_single_atom_contributions
18,NC(=O)C(=O)C(O)CO,16,2,2,0.9989788548710329,0.9979577097420442,0.002042290257890908,0.0,-1543.56841988232,0.0,True,1.4730391767185289e-16,Greedy-Random (k=2),with_single_atom_contributions
19,CC1=NCC(O1)C(N)=O,17,2,2,0.997911736709593,0.9958234734191661,0.004176526580774315,0.0,-1678.2201106753193,0.0,True,0.0,Greedy-Random (k=2),with_single_atom_contributions
0,CC1=C(N)C=NO1,13,3,3,0.9991811588087581,0.99836231761749,0.0016376823824311533,0.0,-1261.5773353406917,0.0,True,9.01148384144882e-16,Greedy-Random (k=3),with_single_atom_contributions
1,CC#CC1CC(C)C1O,21,3,3,0.9986966142095935,0.9983198835690243,0.0007534612810725459,0.0009266551498538557,-2019.579175708967,0.0,True,5.629234005232846e-16,Greedy-Random (k=3),with_single_atom_contributions
2,C1OC11C2C3CN2C13,15,3,3,0.979577833447622,0.9623346638686658,0.034486339157825646,0.0031789969734435292,-1432.333978567099,0.0,True,1.587434766231545e-16,Greedy-Random (k=3),with_single_atom_contributions
3,C1NC2C3COCC12O3,18,3,3,0.9966872472473772,0.9943287287441109,0.004717037006454828,0.0009542342493758725,-1709.9491432050593,0.0,True,3.989130489875952e-16,Greedy-Random (k=3),with_single_atom_contributions
4,O=C1CC2(CC1O2)C#C,15,3,3,0.9935524429435499,0.9898220614753648,0.007460762936287143,0.002717175588285851,-1585.2289793332293,0.0,True,1.4343270177842348e-16,Greedy-Random (k=3),with_single_atom_contributions
5,CC1N2CC2(C#C)C1=O,16,3,3,0.9933090530355676,0.9890427599041519,0.008532586262751015,0.002424653833036827,-1638.6151914305615,0.0,True,2.7751930609738085e-16,Greedy-Random (k=3),with_single_atom_contributions
6,O=CC1OCC11CCO1,17,3,3,0.9962170089049525,0.9931984150261143,0.006037187757596744,0.0007643972162292377,-1653.7687905893724,0.0,True,1.0999055090993054e-15,Greedy-Random (k=3),with_single_atom_contributions
7,CC12COCC1(C)C2O,21,3,3,0.9979475580715911,0.9964544801468423,0.0029861558494306264,0.000559364003676966,-1980.9096562034208,0.0,True,4.591298239799613e-16,Greedy-Random (k=3),with_single_atom_contributions
8,CNC(=O)CC1CN1,18,3,3,0.9957719226939808,0.991886839162605,0.007770167062671793,0.0003429937746632937,-1669.6283676037929,0.0,True,1.3618220668443674e-16,Greedy-Random (k=3),with_single_atom_contributions
9,CC12C3C(CN13)OC2=O,16,3,3,0.9932066931590341,0.9895749988950712,0.007263388527844645,0.003161612577023193,-1618.1339928096172,0.0,True,5.62063899413971e-16,Greedy-Random (k=3),with_single_atom_contributions
10,COC12C(C)C1CC2C,23,3,3,0.9958571963253354,0.9944237327328675,0.0028669271848738463,0.002709340082212259,-2142.2303783647435,0.0,True,1.485942636400758e-15,Greedy-Random (k=3),with_single_atom_contributions
11,CC1C2CC2(C)C1=NO,20,3,3,0.9931046193731731,0.9910877242555356,0.004033790235204925,0.004878485509206898,-1884.4887779695775,0.0,True,1.2065536186859193e-16,Greedy-Random (k=3),with_single_atom_contributions
12,NC(C#C)(C#N)C1CO1,15,3,3,0.9885477914867096,0.9849454526345783,0.0072046777041771095,0.00784986966118058,-1522.078526748084,0.0,True,1.4938366940173598e-16,Greedy-Random (k=3),with_single_atom_contributions
13,CCCC1=NC=NN=N1,17,3,3,0.9984167270550538,0.9968334541100873,0.003166545889851847,0.0,-1633.5341333303422,0.0,True,5.567650428697528e-16,Greedy-Random (k=3),with_single_atom_contributions
14,O=CC1=CC(=O)C(=O)C1,13,3,3,0.9961128765500141,0.992973705596393,0.006278341907151805,0.0007479524963873419,-1468.7092323270667,0.0,True,0.0,Greedy-Random (k=3),with_single_atom_contributions
15,OC12C=CC3OC1C2O3,15,3,3,0.994551425195831,0.9891836572252739,0.010735535941028747,8.080683363338441e-05,-1539.7034466654081,0.0,True,2.953473617736568e-16,Greedy-Random (k=3),with_single_atom_contributions
16,CCC(COC=N)=NO,19,3,3,0.9956766357412296,0.9931577704173927,0.005037730647596928,0.0018044989349527965,-1737.5095308442717,0.0,True,2.617236583821627e-16,Greedy-Random (k=3),with_single_atom_contributions
17,N#CC12OCC(O1)C=C2,14,3,3,0.9945031756166133,0.9926830594933272,0.003640232246483619,0.00367670826012271,-1500.7105462489424,0.0,True,1.5151068006521456e-16,Greedy-Random (k=3),with_single_atom_contributions
18,NC(=O)C(=O)C(O)CO,16,3,3,0.9955666916954135,0.994435417986413,0.0022625474179145512,0.0033020345956076185,-1543.56841988232,0.0,True,7.365195883592644e-16,Greedy-Random (k=3),with_single_atom_contributions
19,CC1=NCC(O1)C(N)=O,17,3,3,0.9974005296445673,0.9953867868009019,0.004027485687251706,0.0005857275117871013,-1678.2201106753193,0.0,True,2.709700283018571e-16,Greedy-Random (k=3),with_single_atom_contributions
0,CC1=C(N)C=NO1,13,4,4,0.9895451522491331,0.9857117086707321,0.007666887156697878,0.006621404172491985,-1261.5773353406917,0.0,True,3.6045935365795276e-16,Greedy-Random (k=4),with_single_atom_contributions
1,CC#CC1CC(C)C1O,21,4,4,0.996040699963434,0.9938453436599511,0.004390712606900218,0.0017639437330996132,-2019.579175708967,0.0,True,7.880927607325985e-16,Greedy-Random (k=4),with_single_atom_contributions
2,C1OC11C2C3CN2C13,15,4,4,0.9722150099579793,0.949965890198668,0.04449823951853763,0.005535870282730701,-1432.333978567099,0.0,True,1.587434766231545e-16,Greedy-Random (k=4),with_single_atom_contributions
3,C1NC2C3COCC12O3,18,4,4,0.98611728282572,0.9776656238633613,0.01690331792464198,0.005431058211940094,-1709.9491432050593,0.0,True,5.318840653167937e-16,Greedy-Random (k=4),with_single_atom_contributions
4,O=C1CC2(CC1O2)C#C,15,4,4,0.9862550334153316,0.9790467279022511,0.01441661102607893,0.006536661071608503,-1585.2289793332293,0.0,True,2.8686540355684697e-16,Greedy-Random (k=4),with_single_atom_contributions
5,CC1N2CC2(C#C)C1=O,16,4,4,0.9929609809314037,0.9900911978427138,0.005739566177299655,0.004169235979926292,-1638.6151914305615,0.0,True,4.162789591460713e-16,Greedy-Random (k=4),with_single_atom_contributions
6,O=CC1OCC11CCO1,17,4,4,0.9907926930969294,0.9843374169964747,0.012910552200830896,0.0027520308026355604,-1653.7687905893724,0.0,True,4.1246456591223956e-16,Greedy-Random (k=4),with_single_atom_contributions
7,CC12COCC1(C)C2O,21,4,4,0.9935902545773474,0.9919612037744869,0.0032581016056541234,0.004780694619808772,-1980.9096562034208,0.0,True,5.739122799749517e-16,Greedy-Random (k=4),with_single_atom_contributions
8,CNC(=O)CC1CN1,18,4,4,0.9943971641848214,0.9914762410523169,0.0058418462649300175,0.0026819126826938973,-1669.6283676037929,0.0,True,1.3618220668443674e-16,Greedy-Random (k=4),with_single_atom_contributions
9,CC12C3C(CN13)OC2=O,16,4,4,0.9797800362867494,0.9703461213503682,0.01886782987268149,0.010786048776889823,-1618.1339928096172,0.0,True,8.430958491209565e-16,Greedy-Random (k=4),with_single_atom_contributions
10,COC12C(C)C1CC2C,23,4,4,0.9885644845187684,0.9822518655587075,0.0126252379200616,0.0051228965211856286,-2142.2303783647435,0.0,True,1.0613875974291129e-15,Greedy-Random (k=4),with_single_atom_contributions
11,CC1C2CC2(C)C1=NO,20,4,4,0.9895503187657958,0.9860200358524391,0.0070605658266440835,0.0069193983208649685,-1884.4887779695775,0.0,True,3.619660856057758e-16,Greedy-Random (k=4),with_single_atom_contributions
12,NC(C#C)(C#N)C1CO1,15,4,4,0.9887851544833658,0.9822181734096208,0.013133962147405377,0.004647864442910333,-1522.078526748084,0.0,True,0.0,Greedy-Random (k=4),with_single_atom_contributions
13,CCCC1=NC=NN=N1,17,4,4,0.9895393927081001,0.9847279000190052,0.009622985378109553,0.005649114602825097,-1633.5341333303422,0.0,True,2.783825214348764e-16,Greedy-Random (k=4),with_single_atom_contributions
14,O=CC1=CC(=O)C(=O)C1,13,4,4,0.9788864267833066,0.968505826510896,0.02076120054473305,0.01073297294430488,-1468.7092323270667,0.0,True,4.644357176463559e-16,Greedy-Random (k=4),with_single_atom_contributions
15,OC12C=CC3OC1C2O3,15,4,4,0.9815001229810102,0.9726166770201233,0.017766891921688358,0.00961643105812436,-1539.7034466654081,0.0,True,4.430210426604852e-16,Greedy-Random (k=4),with_single_atom_contributions
16,CCC(COC=N)=NO,19,4,4,0.9907950008283327,0.9856580260825577,0.010273949491474928,0.004068024425911102,-1737.5095308442717,0.0,True,2.617236583821627e-16,Greedy-Random (k=4),with_single_atom_contributions
17,N#CC12OCC(O1)C=C2,14,4,4,0.9947536185965968,0.990438839822093,0.00862955754891867,0.0009316026289216797,-1500.7105462489424,0.0,True,3.030213601304291e-16,Greedy-Random (k=4),with_single_atom_contributions
18,NC(=O)C(=O)C(O)CO,16,4,4,0.9899569248718931,0.9823585389274463,0.01519677188880963,0.0024446891836810837,-1543.56841988232,0.0,True,7.365195883592644e-16,Greedy-Random (k=4),with_single_atom_contributions
19,CC1=NCC(O1)C(N)=O,17,4,4,0.9922130067919009,0.9888863069465158,0.006653399690691932,0.0044602933627334125,-1678.2201106753193,0.0,True,0.0,Greedy-Random (k=4),with_single_atom_contributions
0,CC1=C(N)C=NO1,13,2,2,0.9990012639540917,0.998002527908157,0.0019974720917639703,0.0,-1261.5773353406917,0.0,True,5.406890304869291e-16,Greedy-Distance (k=2),with_single_atom_contributions
1,CC#CC1CC(C)C1O,21,2,2,0.9997214597417187,0.9994429194834209,0.0005570805165296132,0.0,-2019.579175708967,0.0,True,2.2516936020931387e-16,Greedy-Distance (k=2),with_single_atom_contributions
2,C1OC11C2C3CN2C13,15,2,2,0.9851868493788455,0.9703736987576689,0.029626301242265406,0.0,-1432.333978567099,0.0,True,1.587434766231545e-16,Greedy-Distance (k=2),with_single_atom_contributions
3,C1NC2C3COCC12O3,18,2,2,0.9990551442996298,0.9981102885992401,0.0018897114007014825,0.0,-1709.9491432050593,0.0,True,1.329710163291984e-15,Greedy-Distance (k=2),with_single_atom_contributions
4,O=C1CC2(CC1O2)C#C,15,2,2,0.9963622744699442,0.9927245489398677,0.007275451060070017,0.0,-1585.2289793332293,0.0,True,5.737308071136939e-16,Greedy-Distance (k=2),with_single_atom_contributions
5,CC1N2CC2(C#C)C1=O,16,2,2,0.9994698297471437,0.9989396594942669,0.0010603405056720573,0.0,-1638.6151914305615,0.0,True,6.937982652434522e-16,Greedy-Distance (k=2),with_single_atom_contributions
6,O=CC1OCC11CCO1,17,2,2,0.999761805440993,0.9995236108819658,0.00047638911797375514,0.0,-1653.7687905893724,0.0,True,2.7497637727482635e-16,Greedy-Distance (k=2),with_single_atom_contributions
7,CC12COCC1(C)C2O,21,2,2,0.9998549189152355,0.999709837830454,0.00029016216949550395,0.0,-1980.9096562034208,0.0,True,5.739122799749517e-16,Greedy-Distance (k=2),with_single_atom_contributions
8,CNC(=O)CC1CN1,18,2,2,0.9991132573353053,0.9982265146705905,0.0017734853293496888,0.0,-1669.6283676037929,0.0,True,1.3618220668443674e-16,Greedy-Distance (k=2),with_single_atom_contributions
9,CC12C3C(CN13)OC2=O,16,2,2,0.999665517951089,0.9993310359021578,0.000668964097780526,0.0,-1618.1339928096172,0.0,True,1.5456757233884204e-15,Greedy-Distance (k=2),with_single_atom_contributions
10,COC12C(C)C1CC2C,23,2,2,0.9978437793655942,0.9956875587311728,0.004312441268780953,0.0,-2142.2303783647435,0.0,True,1.485942636400758e-15,Greedy-Distance (k=2),with_single_atom_contributions
11,CC1C2CC2(C)C1=NO,20,2,2,0.9960663075715037,0.9921326151429901,0.007867384856957626,0.0,-1884.4887779695775,0.0,True,0.0,Greedy-Distance (k=2),with_single_atom_contributions
12,NC(C#C)(C#N)C1CO1,15,2,2,0.9989734973267947,0.9979469946535677,0.0020530053463667986,0.0,-1522.078526748084,0.0,True,2.9876733880347196e-16,Greedy-Distance (k=2),with_single_atom_contributions
13,CCCC1=NC=NN=N1,17,2,2,0.9989947988974631,0.9979895977949059,0.002010402205033095,0.0,-1633.5341333303422,0.0,True,5.567650428697528e-16,Greedy-Distance (k=2),with_single_atom_contributions
14,O=CC1=CC(=O)C(=O)C1,13,2,2,0.9964428106725393,0.9928856213450556,0.007114378654876121,0.0,-1468.7092323270667,0.0,True,0.0,Greedy-Distance (k=2),with_single_atom_contributions
15,OC12C=CC3OC1C2O3,15,2,2,0.9998358112364848,0.9996716224729479,0.0003283775269870812,0.0,-1539.7034466654081,0.0,True,0.0,Greedy-Distance (k=2),with_single_atom_contributions
16,CCC(COC=N)=NO,19,2,2,0.9974549540594116,0.9949099081188039,0.005090091881138614,0.0,-1737.5095308442717,0.0,True,2.617236583821627e-16,Greedy-Distance (k=2),with_single_atom_contributions
17,N#CC12OCC(O1)C=C2,14,2,2,0.9997849071783937,0.9995698143567652,0.00043018564316829,0.0,-1500.7105462489424,0.0,True,3.030213601304291e-16,Greedy-Distance (k=2),with_single_atom_contributions
18,NC(=O)C(=O)C(O)CO,16,2,2,0.9982854941754317,0.9965709883508416,0.003429011649093581,0.0,-1543.56841988232,0.0,True,1.4730391767185289e-16,Greedy-Distance (k=2),with_single_atom_contributions
19,CC1=NCC(O1)C(N)=O,17,2,2,0.9992080688979676,0.9984161377959154,0.0015838622040250045,0.0,-1678.2201106753193,0.0,True,0.0,Greedy-Distance (k=2),with_single_atom_contributions
0,CC1=C(N)C=NO1,13,3,3,0.9943258416806647,0.9919237469765435,0.004804189408137504,0.003272063615240279,-1261.5773353406917,0.0,True,5.406890304869291e-16,Greedy-Distance (k=3),with_single_atom_contributions
1,CC#CC1CC(C)C1O,21,3,3,0.993774541556049,0.9907312510598587,0.0060865809923153595,0.0031821679477769165,-2019.579175708967,0.0,True,5.629234005232846e-16,Greedy-Distance (k=3),with_single_atom_contributions
2,C1OC11C2C3CN2C13,15,3,3,0.999256740287302,0.9985519767784857,0.0014095270175394112,3.849620390500746e-05,-1432.333978567099,0.0,True,9.524608597389272e-16,Greedy-Distance (k=3),with_single_atom_contributions
3,C1NC2C3COCC12O3,18,3,3,0.9980320095956133,0.9967077077040606,0.0026486037830274448,0.0006436885128534828,-1709.9491432050593,0.0,True,1.329710163291984e-15,Greedy-Distance (k=3),with_single_atom_contributions
4,O=C1CC2(CC1O2)C#C,15,3,3,0.9966470170202077,0.9939278015237122,0.005438430992907434,0.0006337674833176654,-1585.2289793332293,0.0,True,1.4343270177842348e-16,Greedy-Distance (k=3),with_single_atom_contributions
5,CC1N2CC2(C#C)C1=O,16,3,3,0.9971487857953475,0.9943710530373819,0.005555465515849862,7.348144670721485e-05,-1638.6151914305615,0.0,True,1.3875965304869043e-16,Greedy-Distance (k=3),with_single_atom_contributions
6,O=CC1OCC11CCO1,17,3,3,0.9947754903149971,0.9902699407208122,0.009011099188290133,0.0007189600908378956,-1653.7687905893724,0.0,True,4.1246456591223956e-16,Greedy-Distance (k=3),with_single_atom_contributions
7,CC12COCC1(C)C2O,21,3,3,0.9887917622960165,0.984797979608496,0.007987565374974687,0.007214455016479578,-1980.9096562034208,0.0,True,5.739122799749517e-16,Greedy-Distance (k=3),with_single_atom_contributions
8,CNC(=O)CC1CN1,18,3,3,0.9980037754918257,0.9965816126679735,0.0028443256476249706,0.0005740616843417933,-1669.6283676037929,0.0,True,1.3618220668443674e-16,Greedy-Distance (k=3),with_single_atom_contributions
9,CC12C3C(CN13)OC2=O,16,3,3,0.9982803105113796,0.9973359405286231,0.0018887399654310044,0.0007753195058843515,-1618.1339928096172,0.0,True,7.025798742674638e-16,Greedy-Distance (k=3),with_single_atom_contributions
10,COC12C(C)C1CC2C,23,3,3,0.9913355896030059,0.9859141427299394,0.010842893746072436,0.003242963523942533,-2142.2303783647435,0.0,True,8.491100779432902e-16,Greedy-Distance (k=3),with_single_atom_contributions
11,CC1C2CC2(C)C1=NO,20,3,3,0.9940547777324027,0.9917821738037733,0.0045452078571888805,0.0036726183389854936,-1884.4887779695775,0.0,True,1.2065536186859193e-16,Greedy-Distance (k=3),with_single_atom_contributions
12,NC(C#C)(C#N)C1CO1,15,3,3,0.9978468972605268,0.9960472830112896,0.003599228498386574,0.0003534884902580596,-1522.078526748084,0.0,True,0.0,Greedy-Distance (k=3),with_single_atom_contributions
13,CCCC1=NC=NN=N1,17,3,3,0.9939740824751334,0.9917760528765259,0.004396059197133929,0.003827887926279313,-1633.5341333303422,0.0,True,6.959563035871911e-16,Greedy-Distance (k=3),with_single_atom_contributions
14,O=CC1=CC(=O)C(=O)C1,13,3,3,0.9929908631056884,0.9916581126028118,0.002665501005662375,0.00567638639145768,-1468.7092323270667,0.0,True,1.3933071529390678e-15,Greedy-Distance (k=3),with_single_atom_contributions
15,OC12C=CC3OC1C2O3,15,3,3,0.9909678078799389,0.9820812065042581,0.01777320275127659,0.0001455907444014925,-1539.7034466654081,0.0,True,1.476736808868284e-16,Greedy-Distance (k=3),with_single_atom_contributions
16,CCC(COC=N)=NO,19,3,3,0.9979641804614935,0.9977532489931746,0.00042186293656125163,0.0018248880702067208,-1737.5095308442717,0.0,True,2.617236583821627e-16,Greedy-Distance (k=3),with_single_atom_contributions
17,N#CC12OCC(O1)C=C2,14,3,3,0.9973781045752613,0.9949319411856784,0.004892326779077217,0.00017573203517771708,-1500.7105462489424,0.0,True,1.5151068006521456e-16,Greedy-Distance (k=3),with_single_atom_contributions
18,NC(=O)C(=O)C(O)CO,16,3,3,0.9967801209614212,0.9948633761470227,0.003833489628710588,0.0013031342242018696,-1543.56841988232,0.0,True,2.9460783534370577e-16,Greedy-Distance (k=3),with_single_atom_contributions
19,CC1=NCC(O1)C(N)=O,17,3,3,0.9953287318423761,0.9940370702113352,0.002583323262002331,0.003379606526602993,-1678.2201106753193,0.0,True,1.3548501415092854e-16,Greedy-Distance (k=3),with_single_atom_contributions
0,CC1=C(N)C=NO1,13,4,4,0.9932734566385567,0.9911855341438274,0.004175844989353805,0.004638620866740051,-1261.5773353406917,0.0,True,0.0,Greedy-Distance (k=4),with_single_atom_contributions
1,CC#CC1CC(C)C1O,21,4,4,0.9972595705154642,0.9957319561083526,0.0030552288141572174,0.0012128150774408633,-2019.579175708967,0.0,True,5.629234005232846e-16,Greedy-Distance (k=4),with_single_atom_contributions
2,C1OC11C2C3CN2C13,15,4,4,0.9971825620483966,0.995535731972445,0.0032936601518101126,0.0011706078756751447,-1432.333978567099,0.0,True,9.524608597389272e-16,Greedy-Distance (k=4),with_single_atom_contributions
3,C1NC2C3COCC12O3,18,4,4,0.9864650267925307,0.975619498443118,0.02169105669875036,0.0026894448580754775,-1709.9491432050593,0.0,True,1.0637681306335873e-15,Greedy-Distance (k=4),with_single_atom_contributions
4,O=C1CC2(CC1O2)C#C,15,4,4,0.9893245639122416,0.9867026626897679,0.005243802444863905,0.008053534865305596,-1585.2289793332293,0.0,True,4.3029810533527043e-16,Greedy-Distance (k=4),with_single_atom_contributions
5,CC1N2CC2(C#C)C1=O,16,4,4,0.9905980695153067,0.9889168659456209,0.003362407139291001,0.007720726915027759,-1638.6151914305615,0.0,True,4.162789591460713e-16,Greedy-Distance (k=4),with_single_atom_contributions
6,O=CC1OCC11CCO1,17,4,4,0.9919239988457597,0.9898457701949981,0.004156457301443828,0.005997772503498647,-1653.7687905893724,0.0,True,2.7497637727482635e-16,Greedy-Distance (k=4),with_single_atom_contributions
7,CC12COCC1(C)C2O,21,4,4,0.9955715962725313,0.9939130970477432,0.003316998449509108,0.002769904502697384,-1980.9096562034208,0.0,True,4.591298239799613e-16,Greedy-Distance (k=4),with_single_atom_contributions
8,CNC(=O)CC1CN1,18,4,4,0.9948455569078488,0.9919881473132257,0.0057148191891670365,0.00229703349754785,-1669.6283676037929,0.0,True,0.0,Greedy-Distance (k=4),with_single_atom_contributions
9,CC12C3C(CN13)OC2=O,16,4,4,0.988889639087552,0.9851112097929086,0.007556858589205501,0.007331931617825019,-1618.1339928096172,0.0,True,4.2154792456047825e-16,Greedy-Distance (k=4),with_single_atom_contributions
10,COC12C(C)C1CC2C,23,4,4,0.9891353154039496,0.98277022150216,0.01273018780351816,0.004499590694276143,-2142.2303783647435,0.0,True,1.0613875974291129e-15,Greedy-Distance (k=4),with_single_atom_contributions
11,CC1C2CC2(C)C1=NO,20,4,4,0.9924768438548243,0.987946913535392,0.009059860638794121,0.002993225825761006,-1884.4887779695775,0.0,True,2.4131072373718386e-16,Greedy-Distance (k=4),with_single_atom_contributions
12,NC(C#C)(C#N)C1CO1,15,4,4,0.9946805590892525,0.9927960084816928,0.0037691012150319336,0.003434890303209775,-1522.078526748084,0.0,True,1.4938366940173598e-16,Greedy-Distance (k=4),with_single_atom_contributions
13,CCCC1=NC=NN=N1,17,4,4,0.9950874472669939,0.9933943564770502,0.003386181579806326,0.003219461943082562,-1633.5341333303422,0.0,True,1.391912607174382e-16,Greedy-Distance (k=4),with_single_atom_contributions
14,O=CC1=CC(=O)C(=O)C1,13,4,4,0.9832784361022475,0.9774304840091904,0.0116959041860263,0.010873611804717324,-1468.7092323270667,0.0,True,1.5481190588211863e-16,Greedy-Distance (k=4),with_single_atom_contributions
15,OC12C=CC3OC1C2O3,15,4,4,0.9874261189069005,0.9802976589223183,0.01425691996907924,0.005445421108538647,-1539.7034466654081,0.0,True,0.0,Greedy-Distance (k=4),with_single_atom_contributions
16,CCC(COC=N)=NO,19,4,4,0.9957718317351439,0.9938167921414366,0.003910079187338557,0.002273128671167631,-1737.5095308442717,0.0,True,2.617236583821627e-16,Greedy-Distance (k=4),with_single_atom_contributions
17,N#CC12OCC(O1)C=C2,14,4,4,0.9874294213606586,0.981672679013026,0.01151348469517865,0.006813836291730428,-1500.7105462489424,0.0,True,0.0,Greedy-Distance (k=4),with_single_atom_contributions
18,NC(=O)C(=O)C(O)CO,16,4,4,0.9951647890210434,0.992314168370723,0.00570124130055501,0.00198459032865751,-1543.56841988232,0.0,True,4.4191175301555866e-16,Greedy-Distance (k=4),with_single_atom_contributions
19,CC1=NCC(O1)C(N)=O,17,4,4,0.9931039292054981,0.9894153559092168,0.007377146592483514,0.0032074974982404677,-1678.2201106753193,0.0,True,0.0,Greedy-Distance (k=4),with_single_atom_contributions
0,CC1=C(N)C=NO1,13,2,2,0.8425179333422405,0.6850358666803315,0.3149641333072197,0.0,8.03289248474122,-1269.610227825433,True,2.211353933533149e-16,Distance (k=2),without_single_atom_contributions
1,CC#CC1CC(C)C1O,21,2,2,0.9076220058399974,0.8152440116745271,0.18475598830906945,0.0,1.5235452888552419,-2021.1027209978224,True,2.040388619548127e-15,Distance (k=2),without_single_atom_contributions
2,C1OC11C2C3CN2C13,15,2,2,0.7578142945445286,0.5156285890886994,0.4843714109102268,0.0,82.88587696587113,-1515.21985553297,True,1.71450857919212e-16,Distance (k=2),without_single_atom_contributions
3,C1NC2C3COCC12O3,18,2,2,0.9322351760690465,0.8644703521371833,0.13552964786008725,0.0,36.63757831488394,-1746.5867215199432,True,1.939382373068867e-16,Distance (k=2),without_single_atom_contributions
4,O=C1CC2(CC1O2)C#C,15,2,2,0.6935371253762712,0.38707425075079666,0.6129257492439664,0.0,4.312537059739271,-1589.5415163929686,True,6.178579388717609e-16,Distance (k=2),without_single_atom_contributions
5,CC1N2CC2(C#C)C1=O,16,2,2,0.9613224800853413,0.9226449601691984,0.07735503982634949,0.0,18.986259179603863,-1657.6014506101653,True,1.3098417922256238e-15,Distance (k=2),without_single_atom_contributions
6,O=CC1OCC11CCO1,17,2,2,0.8807540609072108,0.7615081218135055,0.23849187818374643,0.0,24.757996713375118,-1678.5267873027476,True,1.0044833610494817e-15,Distance (k=2),without_single_atom_contributions
7,CC12COCC1(C)C2O,21,2,2,0.9635071829176146,0.9270143658309965,0.07298563415630556,0.0,-0.9582831744772141,-1979.9513730289436,True,4.750072339495479e-15,Distance (k=2),without_single_atom_contributions
8,CNC(=O)CC1CN1,18,2,2,0.9672221940081762,0.9344443880156171,0.06555561198217673,0.0,2.6366930561521884,-1672.265060659945,True,3.3685317204217448e-15,Distance (k=2),without_single_atom_contributions
9,CC12C3C(CN13)OC2=O,16,2,2,0.8592941878188723,0.7185883756290907,0.28141162434494704,0.0,-1.6838901683310934,-1616.450102641286,True,9.494212778436605e-15,Distance (k=2),without_single_atom_contributions
10,COC12C(C)C1CC2C,23,2,2,0.7599563565185393,0.5199127130353615,0.48008728695948677,0.0,9.008961511740576,-2151.239339876484,True,5.915299461760044e-16,Distance (k=2),without_single_atom_contributions
11,CC1C2CC2(C)C1=NO,20,2,2,0.8279975472442082,0.6559950944876551,0.344004905510061,0.0,33.38591039790339,-1917.874688367481,True,0.0,Distance (k=2),without_single_atom_contributions
12,NC(C#C)(C#N)C1CO1,15,2,2,0.91827576284629,0.8365515256917101,0.163448474305681,0.0,32.29489123173883,-1554.3734179798228,True,4.4003414079288894e-16,Distance (k=2),without_single_atom_contributions
13,CCCC1=NC=NN=N1,17,2,2,0.8957059986362547,0.7914119972704007,0.2085880027232733,0.0,15.807805114993277,-1649.3419384453355,True,3.371164104947473e-16,Distance (k=2),without_single_atom_contributions
14,O=CC1=CC(=O)C(=O)C1,13,2,2,0.8964541451360869,0.792908290271513,0.2070917097265051,0.0,-50.45568278163597,-1418.2535495454308,True,1.4082511554423034e-16,Distance (k=2),without_single_atom_contributions
15,OC12C=CC3OC1C2O3,15,2,2,0.8072720443274258,0.614544088654359,0.3854559113441638,0.0,8.686721758681735,-1548.3901684240898,True,2.044910483755813e-15,Distance (k=2),without_single_atom_contributions
16,CCC(COC=N)=NO,19,2,2,0.9176128804492603,0.8352257608978993,0.1647742391002376,0.0,35.985776923989086,-1773.4953077682608,True,9.872549608404575e-16,Distance (k=2),without_single_atom_contributions
17,N#CC12OCC(O1)C=C2,14,2,2,0.8735568737234999,0.7471137474458556,0.2528862525507117,0.0,-14.397062486315564,-1486.313483762627,True,1.6039826828557879e-15,Distance (k=2),without_single_atom_contributions
18,NC(=O)C(=O)C(O)CO,16,2,2,0.8613450201127036,0.7226900402242193,0.27730995977221673,0.0,-9.421013178792297,-1534.1474067035278,True,5.656578986791453e-16,Distance (k=2),without_single_atom_contributions
19,CC1=NCC(O1)C(N)=O,17,2,2,0.9618766351566084,0.9237532703122607,0.07624672968487074,0.0,-34.86142178571703,-1643.3586888896023,True,6.114576222325875e-16,Distance (k=2),without_single_atom_contributions
0,CC1=C(N)C=NO1,13,3,3,0.6438973086950436,0.493145013682033,0.30150459001943175,0.2053503962935933,8.03289248474122,-1269.610227825433,True,4.422707867066298e-16,Distance (k=3),without_single_atom_contributions
1,CC#CC1CC(C)C1O,21,3,3,0.5850718486648862,0.38223587908469214,0.4056719391560289,0.2120921817560096,1.5235452888552419,-2021.1027209978224,True,2.040388619548127e-15,Distance (k=3),without_single_atom_contributions
2,C1OC11C2C3CN2C13,15,3,3,0.5942760693632705,0.29268890687922394,0.6031743249669616,0.10413676815296585,82.88587696587113,-1515.21985553297,True,0.0,Distance (k=3),without_single_atom_contributions
3,C1NC2C3COCC12O3,18,3,3,0.8757318275142693,0.7787411539955109,0.193981347034461,0.027277498967736263,36.63757831488394,-1746.5867215199432,True,3.878764746137734e-16,Distance (k=3),without_single_atom_contributions
4,O=C1CC2(CC1O2)C#C,15,3,3,0.8030965098168933,0.6434109328107371,0.3193711540074083,0.037217913178176604,4.312537059739271,-1589.5415163929686,True,1.6476211703246957e-15,Distance (k=3),without_single_atom_contributions
5,CC1N2CC2(C#C)C1=O,16,3,3,0.8957802423774693,0.7942464346744382,0.20306761540309323,0.002685949920241906,18.986259179603863,-1657.6014506101653,True,0.0,Distance (k=3),without_single_atom_contributions
6,O=CC1OCC11CCO1,17,3,3,0.7527550477367569,0.5921028461261819,0.3213044032176361,0.08659275065354653,24.757996713375118,-1678.5267873027476,True,4.3049286902120643e-16,Distance (k=3),without_single_atom_contributions
7,CC12COCC1(C)C2O,21,3,3,0.5041124362134203,0.32741497319444196,0.35339492603502626,0.3191901007683339,-0.9582831744772141,-1979.9513730289436,True,2.4329638812050013e-15,Distance (k=3),without_single_atom_contributions
8,CNC(=O)CC1CN1,18,3,3,0.9291370278271898,0.8786523833399708,0.10096928897161653,0.020378327686296598,2.6366930561521884,-1672.265060659945,True,6.73706344084349e-16,Distance (k=3),without_single_atom_contributions
9,CC12C3C(CN13)OC2=O,16,3,3,0.7514039022916803,0.6148869938267153,0.2730338169180637,0.11207918924632115,-1.6838901683310934,-1616.450102641286,True,6.856931451093104e-15,Distance (k=3),without_single_atom_contributions
10,COC12C(C)C1CC2C,23,3,3,0.5069075286977358,0.19837243927008835,0.6170701788518295,0.1845573818754831,9.008961511740576,-2151.239339876484,True,1.5774131898026784e-15,Distance (k=3),without_single_atom_contributions
11,CC1C2CC2(C)C1=NO,20,3,3,0.7858908449672345,0.7040460820666212,0.16368952579872004,0.13226439213277902,33.38591039790339,-1917.874688367481,True,4.2565425192214824e-16,Distance (k=3),without_single_atom_contributions
12,NC(C#C)(C#N)C1CO1,15,3,3,0.5638926114486128,0.25335817711065295,0.6210688686732186,0.1255729542141026,32.29489123173883,-1554.3734179798228,True,0.0,Distance (k=3),without_single_atom_contributions
13,CCCC1=NC=NN=N1,17,3,3,0.7387193738434847,0.6434139622667752,0.19061082314990724,0.16597521458068357,15.807805114993277,-1649.3419384453355,True,1.2360935051474068e-15,Distance (k=3),without_single_atom_contributions
14,O=CC1=CC(=O)C(=O)C1,13,3,3,0.8296530894779304,0.7450241463009232,0.16925788635209602,0.08571796734554206,-50.45568278163597,-1418.2535495454308,True,1.1266009243538427e-15,Distance (k=3),without_single_atom_contributions
15,OC12C=CC3OC1C2O3,15,3,3,0.618771710613066,0.24368847546023847,0.7501664703020646,0.006145054235004043,8.686721758681735,-1548.3901684240898,True,1.2269462902534879e-15,Distance (k=3),without_single_atom_contributions
16,CCC(COC=N)=NO,19,3,3,0.9052192879894863,0.8953990488304931,0.01964047831442636,0.08496047285241068,35.985776923989086,-1773.4953077682608,True,0.0,Distance (k=3),without_single_atom_contributions
17,N#CC12OCC(O1)C=C2,14,3,3,0.47033464567759703,0.14294856460270483,0.6547721621443372,0.20227927324887252,-14.397062486315564,-1486.313483762627,True,0.0,Distance (k=3),without_single_atom_contributions
18,NC(=O)C(=O)C(O)CO,16,3,3,0.8962495196563358,0.8344884432906077,0.12352215272867302,0.041989403978631816,-9.421013178792297,-1534.1474067035278,True,1.1313157973582906e-15,Distance (k=3),without_single_atom_contributions
19,CC1=NCC(O1)C(N)=O,17,3,3,0.8077739676530477,0.754621165867408,0.10630560356802166,0.1390732305621271,-34.86142178571703,-1643.3586888896023,True,4.07638414821725e-16,Distance (k=3),without_single_atom_contributions
0,CC1=C(N)C=NO1,13,2,2,0.9435898598186895,0.8871797196361687,0.11282028036020017,0.0,8.03289248474122,-1269.610227825433,True,2.211353933533149e-16,Random (k=2),without_single_atom_contributions
1,CC#CC1CC(C)C1O,21,2,2,0.7089159690902384,0.4178319381768813,0.5821680618123324,0.0,1.5235452888552419,-2021.1027209978224,True,2.1278338461001896e-14,Random (k=2),without_single_atom_contributions
2,C1OC11C2C3CN2C13,15,2,2,0.6019025556846204,0.20380511136886595,0.7961948886300094,0.0,82.88587696587113,-1515.21985553297,True,5.14352573757636e-16,Random (k=2),without_single_atom_contributions
3,C1NC2C3COCC12O3,18,2,2,0.7051100396406769,0.41022007928074494,0.5897799207174291,0.0,36.63757831488394,-1746.5867215199432,True,1.939382373068867e-16,Random (k=2),without_single_atom_contributions
4,O=C1CC2(CC1O2)C#C,15,2,2,0.9264977808413503,0.8529955616818844,0.14700443831566729,0.0,4.312537059739271,-1589.5415163929686,True,2.0595264629058696e-16,Random (k=2),without_single_atom_contributions
5,CC1N2CC2(C#C)C1=O,16,2,2,0.825767064806425,0.6515341296123182,0.3484658703860856,0.0,18.986259179603863,-1657.6014506101653,True,9.356012801611598e-16,Random (k=2),without_single_atom_contributions
6,O=CC1OCC11CCO1,17,2,2,0.7477077994783691,0.495415598956077,0.5045844010419395,0.0,24.757996713375118,-1678.5267873027476,True,1.4349762300706882e-16,Random (k=2),without_single_atom_contributions
7,CC12COCC1(C)C2O,21,2,2,0.7696153687134258,0.5392307374241223,0.46076926256768996,0.0,-0.9582831744772141,-1979.9513730289436,True,1.2396530251854055e-14,Random (k=2),without_single_atom_contributions
8,CNC(=O)CC1CN1,18,2,2,0.7825010856416635,0.5650021712816837,0.4349978287133858,0.0,2.6366930561521884,-1672.265060659945,True,7.242343198906751e-15,Random (k=2),without_single_atom_contributions
9,CC12C3C(CN13)OC2=O,16,2,2,0.7344373832661364,0.4688747665310405,0.5311252334652627,0.0,-1.6838901683310934,-1616.450102641286,True,2.7163997671638066e-14,Random (k=2),without_single_atom_contributions
10,COC12C(C)C1CC2C,23,2,2,0.9119939855729077,0.823987971144098,0.1760120288507501,0.0,9.008961511740576,-2151.239339876484,True,0.0,Random (k=2),without_single_atom_contributions
11,CC1C2CC2(C)C1=NO,20,2,2,0.5767797643109306,0.15355952862116934,0.8464404713767553,0.0,33.38591039790339,-1917.874688367481,True,1.9154441336496672e-15,Random (k=2),without_single_atom_contributions
12,NC(C#C)(C#N)C1CO1,15,2,2,0.9760631627870061,0.952126325573079,0.04787367442412107,0.0,32.29489123173883,-1554.3734179798228,True,2.2001707039644447e-16,Random (k=2),without_single_atom_contributions
13,CCCC1=NC=NN=N1,17,2,2,0.6508768779874076,0.30175375597324017,0.6982462440220348,0.0,15.807805114993277,-1649.3419384453355,True,2.2474427366316485e-16,Random (k=2),without_single_atom_contributions
14,O=CC1=CC(=O)C(=O)C1,13,2,2,0.6482773763344235,0.29655475266818637,0.7034452473298316,0.0,-50.45568278163597,-1418.2535495454308,True,9.857758088096124e-16,Random (k=2),without_single_atom_contributions
15,OC12C=CC3OC1C2O3,15,2,2,0.7668903711856375,0.5337807423674378,0.46621925762105054,0.0,8.686721758681735,-1548.3901684240898,True,8.179641935023252e-16,Random (k=2),without_single_atom_contributions
16,CCC(COC=N)=NO,19,2,2,0.6346793709184297,0.2693587418364322,0.7306412581622859,0.0,35.985776923989086,-1773.4953077682608,True,1.9745099216809149e-16,Random (k=2),without_single_atom_contributions
17,N#CC12OCC(O1)C=C2,14,2,2,0.6163610198252902,0.23272203964924765,0.7672779603467541,0.0,-14.397062486315564,-1486.313483762627,True,2.8378155158217785e-15,Random (k=2),without_single_atom_contributions
18,NC(=O)C(=O)C(O)CO,16,2,2,0.8913784288784622,0.7827568577562062,0.2172431422416387,0.0,-9.421013178792297,-1534.1474067035278,True,0.0,Random (k=2),without_single_atom_contributions
19,CC1=NCC(O1)C(N)=O,17,2,2,0.609800321695437,0.21960064339023427,0.7803993566078467,0.0,-34.86142178571703,-1643.3586888896023,True,4.07638414821725e-16,Random (k=2),without_single_atom_contributions
0,CC1=C(N)C=NO1,13,3,3,0.4393419708741883,0.10218065619419388,0.6743226293582008,0.22349671444626434,8.03289248474122,-1269.610227825433,True,8.845415734132596e-16,Random (k=3),without_single_atom_contributions
1,CC#CC1CC(C)C1O,21,3,3,0.5856225778771972,0.4165690587918426,0.3381070381671868,0.24532390303832888,1.5235452888552419,-2021.1027209978224,True,6.704134035658132e-15,Random (k=3),without_single_atom_contributions
2,C1OC11C2C3CN2C13,15,3,3,0.6256607859842914,0.465589840856297,0.3201418902545913,0.21426826888806355,82.88587696587113,-1515.21985553297,True,5.14352573757636e-16,Random (k=3),without_single_atom_contributions
3,C1NC2C3COCC12O3,18,3,3,0.6153954908398527,0.40992272251672734,0.41094553664343436,0.179131740837726,36.63757831488394,-1746.5867215199432,True,3.878764746137734e-16,Random (k=3),without_single_atom_contributions
4,O=C1CC2(CC1O2)C#C,15,3,3,0.7883931154812686,0.677865931097731,0.22105436876490678,0.10107970013573597,4.312537059739271,-1589.5415163929686,True,2.2654791091964565e-15,Random (k=3),without_single_atom_contributions
5,CC1N2CC2(C#C)C1=O,16,3,3,0.7317920770040751,0.6978989770967126,0.06778619981111488,0.23431482308946483,18.986259179603863,-1657.6014506101653,True,7.484810241289279e-16,Random (k=3),without_single_atom_contributions
6,O=CC1OCC11CCO1,17,3,3,0.47485598070816987,0.16391476868325494,0.6218824240482164,0.21420280726731852,24.757996713375118,-1678.5267873027476,True,1.4349762300706882e-16,Random (k=3),without_single_atom_contributions
7,CC12COCC1(C)C2O,21,3,3,0.8031712052244225,0.6544175834591027,0.2975072435234014,0.04807517301206738,-0.9582831744772141,-1979.9513730289436,True,1.0890409753965244e-14,Random (k=3),without_single_atom_contributions
8,CNC(=O)CC1CN1,18,3,3,0.5741007909291159,0.3640934312080376,0.42001471943812796,0.21589184935081285,2.6366930561521884,-1672.265060659945,True,5.052797580632617e-16,Random (k=3),without_single_atom_contributions
9,CC12C3C(CN13)OC2=O,16,3,3,0.49605399239537523,0.1603300976209456,0.6714477895475618,0.1682221128305195,-1.6838901683310934,-1616.450102641286,True,1.6614872362264057e-14,Random (k=3),without_single_atom_contributions
10,COC12C(C)C1CC2C,23,3,3,0.4338115043649781,0.15599925542658968,0.5556244978751302,0.28837624669704515,9.008961511740576,-2151.239339876484,True,7.098359354112053e-15,Random (k=3),without_single_atom_contributions
11,CC1C2CC2(C)C1=NO,20,3,3,0.494172848767292,0.27799809311162954,0.4323495113086902,0.2896523955777042,33.38591039790339,-1917.874688367481,True,0.0,Random (k=3),without_single_atom_contributions
12,NC(C#C)(C#N)C1CO1,15,3,3,0.7905624021371546,0.716465532172054,0.14819373992710103,0.13534072789851986,32.29489123173883,-1554.3734179798228,True,2.2001707039644447e-16,Random (k=3),without_single_atom_contributions
13,CCCC1=NC=NN=N1,17,3,3,0.3791171332008932,0.06483294320768926,0.6285683799850731,0.30659867680623654,15.807805114993277,-1649.3419384453355,True,1.2360935051474068e-15,Random (k=3),without_single_atom_contributions
14,O=CC1=CC(=O)C(=O)C1,13,3,3,0.7907648535511403,0.6835708747603528,0.21438795757968745,0.102041167658544,-50.45568278163597,-1418.2535495454308,True,2.8165023108846067e-16,Random (k=3),without_single_atom_contributions
15,OC12C=CC3OC1C2O3,15,3,3,0.4338491937023294,0.17321776524592492,0.521262856911274,0.3055193778416499,8.686721758681735,-1548.3901684240898,True,3.271856774009301e-15,Random (k=3),without_single_atom_contributions
16,CCC(COC=N)=NO,19,3,3,0.49212673818138947,0.07158291820045345,0.8410876399599209,0.08732944183816224,35.985776923989086,-1773.4953077682608,True,5.923529765042744e-16,Random (k=3),without_single_atom_contributions
17,N#CC12OCC(O1)C=C2,14,3,3,0.5261020855992402,0.4273008126192834,0.1976025459550519,0.37509664142201843,-14.397062486315564,-1486.313483762627,True,0.0,Random (k=3),without_single_atom_contributions
18,NC(=O)C(=O)C(O)CO,16,3,3,0.737829553513782,0.5562312771104764,0.363196552802814,0.0805721700838617,-9.421013178792297,-1534.1474067035278,True,7.542105315721938e-16,Random (k=3),without_single_atom_contributions
19,CC1=NCC(O1)C(N)=O,17,3,3,0.6473169687851151,0.3868132615900656,0.521007414387584,0.09217932402046419,-34.86142178571703,-1643.3586888896023,True,0.0,Random (k=3),without_single_atom_contributions
0,CC1=C(N)C=NO1,13,2,2,0.9860077839395928,0.9720155678779753,0.0279844321183937,0.0,8.03289248474122,-1269.610227825433,True,6.634061800599447e-16,Greedy-Random (k=2),without_single_atom_contributions
1,CC#CC1CC(C)C1O,21,2,2,0.9678421670198546,0.9356843340348634,0.06431566595059905,0.0,1.5235452888552419,-2021.1027209978224,True,3.0605829293221906e-15,Greedy-Random (k=2),without_single_atom_contributions
2,C1OC11C2C3CN2C13,15,2,2,0.969966228177296,0.9399324563542348,0.06006754364469312,0.0,82.88587696587113,-1515.21985553297,True,1.028705147515272e-15,Greedy-Random (k=2),without_single_atom_contributions
3,C1NC2C3COCC12O3,18,2,2,0.9986126122405473,0.9972252244804214,0.0027747755175581566,0.0,36.63757831488394,-1746.5867215199432,True,7.757529492275468e-16,Greedy-Random (k=2),without_single_atom_contributions
4,O=C1CC2(CC1O2)C#C,15,2,2,0.9981745651307709,0.996349130260781,0.003650869736936963,0.0,4.312537059739271,-1589.5415163929686,True,1.4416685240341087e-15,Greedy-Random (k=2),without_single_atom_contributions
5,CC1N2CC2(C#C)C1=O,16,2,2,0.9998430077307009,0.9996860154596473,0.00031398453508913945,0.0,18.986259179603863,-1657.6014506101653,True,9.356012801611598e-16,Greedy-Random (k=2),without_single_atom_contributions
6,O=CC1OCC11CCO1,17,2,2,0.9966407783976944,0.9932815567940605,0.006718443201954755,0.0,24.757996713375118,-1678.5267873027476,True,1.4349762300706882e-16,Greedy-Random (k=2),without_single_atom_contributions
7,CC12COCC1(C)C2O,21,2,2,0.9869367608357776,0.9738735216670928,0.02612647831951978,0.0,-0.9582831744772141,-1979.9513730289436,True,2.0853976124614298e-14,Greedy-Random (k=2),without_single_atom_contributions
8,CNC(=O)CC1CN1,18,2,2,0.9969371274478007,0.9938742548938752,0.0061257451009463695,0.0,2.6366930561521884,-1672.265060659945,True,1.6842658602108724e-16,Greedy-Random (k=2),without_single_atom_contributions
9,CC12C3C(CN13)OC2=O,16,2,2,0.9924570889733761,0.9849141779443349,0.015085822048412913,0.0,-1.6838901683310934,-1616.450102641286,True,4.087786057382427e-15,Greedy-Random (k=2),without_single_atom_contributions
10,COC12C(C)C1CC2C,23,2,2,0.9959170316951562,0.991834063388133,0.008165936605328885,0.0,9.008961511740576,-2151.239339876484,True,6.309652759210714e-15,Greedy-Random (k=2),without_single_atom_contributions
11,CC1C2CC2(C)C1=NO,20,2,2,0.9959238004645602,0.9918476009281381,0.008152399068915466,0.0,33.38591039790339,-1917.874688367481,True,6.384813778832224e-16,Greedy-Random (k=2),without_single_atom_contributions
12,NC(C#C)(C#N)C1CO1,15,2,2,0.9924659686662286,0.9849319373314251,0.015068062665478365,0.0,32.29489123173883,-1554.3734179798228,True,2.2001707039644447e-16,Greedy-Random (k=2),without_single_atom_contributions
13,CCCC1=NC=NN=N1,17,2,2,0.9972375054705358,0.9944750109400494,0.0055249890568835605,0.0,15.807805114993277,-1649.3419384453355,True,4.494885473263297e-16,Greedy-Random (k=2),without_single_atom_contributions
14,O=CC1=CC(=O)C(=O)C1,13,2,2,0.9875097129441617,0.9750194258876956,0.024980574110421434,0.0,-50.45568278163597,-1418.2535495454308,True,1.1266009243538427e-15,Greedy-Random (k=2),without_single_atom_contributions
15,OC12C=CC3OC1C2O3,15,2,2,0.9937328472342831,0.9874656944648251,0.012534305523951602,0.0,8.686721758681735,-1548.3901684240898,True,0.0,Greedy-Random (k=2),without_single_atom_contributions
16,CCC(COC=N)=NO,19,2,2,0.9975140734570472,0.9950281469133362,0.0049718530843889785,0.0,35.985776923989086,-1773.4953077682608,True,1.9745099216809149e-16,Greedy-Random (k=2),without_single_atom_contributions
17,N#CC12OCC(O1)C=C2,14,2,2,0.9848250991872655,0.9696501983729654,0.030349801622337573,0.0,-14.397062486315564,-1486.313483762627,True,9.870662663727925e-16,Greedy-Random (k=2),without_single_atom_contributions
18,NC(=O)C(=O)C(O)CO,16,2,2,0.9855097801399899,0.9710195602789569,0.028980439717974458,0.0,-9.421013178792297,-1534.1474067035278,True,7.542105315721938e-16,Greedy-Random (k=2),without_single_atom_contributions
19,CC1=NCC(O1)C(N)=O,17,2,2,0.9728982232784618,0.9457964465559674,0.05420355344116398,0.0,-34.86142178571703,-1643.3586888896023,True,2.038192074108625e-16,Greedy-Random (k=2),without_single_atom_contributions
0,CC1=C(N)C=NO1,13,3,3,0.9271772265215074,0.9070678710475587,0.0402187109452689,0.052713418005200983,8.03289248474122,-1269.610227825433,True,2.211353933533149e-16,Greedy-Random (k=3),without_single_atom_contributions
1,CC#CC1CC(C)C1O,21,3,3,0.7663332357424234,0.5526155979304257,0.4274352756206669,0.019949126446410965,1.5235452888552419,-2021.1027209978224,True,2.3318727080550024e-15,Greedy-Random (k=3),without_single_atom_contributions
2,C1OC11C2C3CN2C13,15,3,3,0.9683053584016087,0.9367671289565439,0.06307645888872442,0.0001564121536778022,82.88587696587113,-1515.21985553297,True,8.5725428959606e-16,Greedy-Random (k=3),without_single_atom_contributions
3,C1NC2C3COCC12O3,18,3,3,0.942883365319112,0.9086312109578962,0.06850430871944975,0.022864480320417643,36.63757831488394,-1746.5867215199432,True,1.939382373068867e-16,Greedy-Random (k=3),without_single_atom_contributions
4,O=C1CC2(CC1O2)C#C,15,3,3,0.8430198739945315,0.7115585464384276,0.26292265510772656,0.025518798450484922,4.312537059739271,-1589.5415163929686,True,1.4416685240341087e-15,Greedy-Random (k=3),without_single_atom_contributions
5,CC1N2CC2(C#C)C1=O,16,3,3,0.8472703776809523,0.7219904985325394,0.2505597582931014,0.027449743171565833,18.986259179603863,-1657.6014506101653,True,3.7424051206446393e-16,Greedy-Random (k=3),without_single_atom_contributions
6,O=CC1OCC11CCO1,17,3,3,0.801861213630139,0.6042264798467532,0.3952694675639483,0.000504052587181169,24.757996713375118,-1678.5267873027476,True,2.8699524601413764e-16,Greedy-Random (k=3),without_single_atom_contributions
7,CC12COCC1(C)C2O,21,3,3,0.8500405472006398,0.7123958540876157,0.27528938621553756,0.012314759688963726,-0.9582831744772141,-1979.9513730289436,True,1.2975807366426674e-14,Greedy-Random (k=3),without_single_atom_contributions
8,CNC(=O)CC1CN1,18,3,3,0.9413634309407449,0.9076473324638279,0.06743219694803211,0.024920470583788375,2.6366930561521884,-1672.265060659945,True,1.6842658602108724e-16,Greedy-Random (k=3),without_single_atom_contributions
9,CC12C3C(CN13)OC2=O,16,3,3,0.9135584849774335,0.8442801321379426,0.13855670567565018,0.017163162183908464,-1.6838901683310934,-1616.450102641286,True,1.3186406636717507e-15,Greedy-Random (k=3),without_single_atom_contributions
10,COC12C(C)C1CC2C,23,3,3,0.8643061027232867,0.7988885638668201,0.13083507771015213,0.07027635842094199,9.008961511740576,-2151.239339876484,True,5.915299461760044e-16,Greedy-Random (k=3),without_single_atom_contributions
11,CC1C2CC2(C)C1=NO,20,3,3,0.857102346325821,0.7163158346875979,0.2815730232747331,0.00211114203638421,33.38591039790339,-1917.874688367481,True,1.0641356298053706e-15,Greedy-Random (k=3),without_single_atom_contributions
12,NC(C#C)(C#N)C1CO1,15,3,3,0.9088529696147155,0.8444817636424238,0.1287424119420988,0.026775824413614,32.29489123173883,-1554.3734179798228,True,2.2001707039644447e-16,Greedy-Random (k=3),without_single_atom_contributions
13,CCCC1=NC=NN=N1,17,3,3,0.8280197607495913,0.6568342101042627,0.34237110128799825,0.0007946886057448207,15.807805114993277,-1649.3419384453355,True,5.618606841579122e-16,Greedy-Random (k=3),without_single_atom_contributions
14,O=CC1=CC(=O)C(=O)C1,13,3,3,0.9413539269544597,0.9129178776322248,0.056872098642287545,0.03021002372385089,-50.45568278163597,-1418.2535495454308,True,2.8165023108846067e-16,Greedy-Random (k=3),without_single_atom_contributions
15,OC12C=CC3OC1C2O3,15,3,3,0.7310487985250528,0.5542755131929784,0.3535465706613323,0.09217791614357689,8.686721758681735,-1548.3901684240898,True,2.044910483755813e-16,Greedy-Random (k=3),without_single_atom_contributions
16,CCC(COC=N)=NO,19,3,3,0.939058197072665,0.8793161299550253,0.1194841342325496,0.0011997358103776137,35.985776923989086,-1773.4953077682608,True,3.9490198433618297e-16,Greedy-Random (k=3),without_single_atom_contributions
17,N#CC12OCC(O1)C=C2,14,3,3,0.890354815421934,0.8159590289056468,0.14879157302722382,0.03524939806311649,-14.397062486315564,-1486.313483762627,True,1.2338328329659906e-16,Greedy-Random (k=3),without_single_atom_contributions
18,NC(=O)C(=O)C(O)CO,16,3,3,0.8843609017629112,0.8200269015549003,0.12866800040929302,0.05130509803076023,-9.421013178792297,-1534.1474067035278,True,7.542105315721938e-16,Greedy-Random (k=3),without_single_atom_contributions
19,CC1=NCC(O1)C(N)=O,17,3,3,0.9179280475376647,0.8573031922512186,0.12124971056999483,0.02144709717661368,-34.86142178571703,-1643.3586888896023,True,0.0,Greedy-Random (k=3),without_single_atom_contributions
0,CC1=C(N)C=NO1,13,4,4,0.8539289810281171,0.8099259113530936,0.08800613934749421,0.10206794929749768,8.03289248474122,-1269.610227825433,True,0.0,Greedy-Random (k=4),without_single_atom_contributions
1,CC#CC1CC(C)C1O,21,4,4,0.7791422649939864,0.7398602777064022,0.07856397456953965,0.18157574771983656,1.5235452888552419,-2021.1027209978224,True,1.311678398280939e-15,Greedy-Random (k=4),without_single_atom_contributions
2,C1OC11C2C3CN2C13,15,4,4,0.9262462990521455,0.8677736482975018,0.11694530150820055,0.015281050193482583,82.88587696587113,-1515.21985553297,True,3.42901715838424e-16,Greedy-Random (k=4),without_single_atom_contributions
3,C1NC2C3COCC12O3,18,4,4,0.851247080053514,0.8161104616112287,0.07027323688236406,0.11361630150475228,36.63757831488394,-1746.5867215199432,True,5.818147119206601e-16,Greedy-Random (k=4),without_single_atom_contributions
4,O=C1CC2(CC1O2)C#C,15,4,4,0.7934280866488304,0.6979349494330328,0.19098627442969862,0.11107877613584613,4.312537059739271,-1589.5415163929686,True,2.0595264629058696e-16,Greedy-Random (k=4),without_single_atom_contributions
5,CC1N2CC2(C#C)C1=O,16,4,4,0.8748544257072441,0.8049533686908447,0.13980211403067397,0.055244517276887666,18.986259179603863,-1657.6014506101653,True,7.484810241289279e-16,Greedy-Random (k=4),without_single_atom_contributions
6,O=CC1OCC11CCO1,17,4,4,0.8857529858093397,0.8210514759929392,0.12940301962850304,0.0495455043753341,24.757996713375118,-1678.5267873027476,True,4.3049286902120643e-16,Greedy-Random (k=4),without_single_atom_contributions
7,CC12COCC1(C)C2O,21,4,4,0.5283757639282703,0.28002673688473323,0.4966980540843143,0.2232752090288825,-0.9582831744772141,-1979.9513730289436,True,6.835469951956908e-15,Greedy-Random (k=4),without_single_atom_contributions
8,CNC(=O)CC1CN1,18,4,4,0.9197140443101463,0.8869134135909705,0.06560126143579154,0.04748532497131807,2.6366930561521884,-1672.265060659945,True,8.421329301054362e-16,Greedy-Random (k=4),without_single_atom_contributions
9,CC12C3C(CN13)OC2=O,16,4,4,0.6557496140003878,0.34945181445685947,0.6125955990858526,0.03795258645638487,-1.6838901683310934,-1616.450102641286,True,5.0108345219526526e-15,Greedy-Random (k=4),without_single_atom_contributions
10,COC12C(C)C1CC2C,23,4,4,0.7668779475248443,0.5662328117733129,0.4012902715009532,0.032476916724151775,9.008961511740576,-2151.239339876484,True,9.85883243626674e-16,Greedy-Random (k=4),without_single_atom_contributions
11,CC1C2CC2(C)C1=NO,20,4,4,0.7716267952681773,0.6058296601049912,0.33159427032424715,0.06257606956916785,33.38591039790339,-1917.874688367481,True,2.1282712596107412e-16,Greedy-Random (k=4),without_single_atom_contributions
12,NC(C#C)(C#N)C1CO1,15,4,4,0.7596918173848007,0.6850628535325896,0.14925792770146043,0.16567921876372868,32.29489123173883,-1554.3734179798228,True,0.0,Greedy-Random (k=4),without_single_atom_contributions
13,CCCC1=NC=NN=N1,17,4,4,0.8248082406087095,0.7770176578796716,0.09558116545598765,0.12740117666277462,15.807805114993277,-1649.3419384453355,True,1.1237213683158243e-16,Greedy-Random (k=4),without_single_atom_contributions
14,O=CC1=CC(=O)C(=O)C1,13,4,4,0.7649822455061298,0.6086322732937545,0.3126999444230921,0.07866778228190953,-50.45568278163597,-1418.2535495454308,True,2.8165023108846067e-16,Greedy-Random (k=4),without_single_atom_contributions
15,OC12C=CC3OC1C2O3,15,4,4,0.6706150097120043,0.42775553383647497,0.48571895174884294,0.08652551441302031,8.686721758681735,-1548.3901684240898,True,4.089820967511626e-16,Greedy-Random (k=4),without_single_atom_contributions
16,CCC(COC=N)=NO,19,4,4,0.8983650075876355,0.83179580273113,0.13313840971041013,0.03506578755650917,35.985776923989086,-1773.4953077682608,True,5.923529765042744e-16,Greedy-Random (k=4),without_single_atom_contributions
17,N#CC12OCC(O1)C=C2,14,4,4,0.7635742787067196,0.6830345074076253,0.16107954259518875,0.15588594999493613,-14.397062486315564,-1486.313483762627,True,7.402996997795944e-16,Greedy-Random (k=4),without_single_atom_contributions
18,NC(=O)C(=O)C(O)CO,16,4,4,0.8163367440947074,0.7086053265625227,0.2154628350623704,0.07593183837360776,-9.421013178792297,-1534.1474067035278,True,0.0,Greedy-Random (k=4),without_single_atom_contributions
19,CC1=NCC(O1)C(N)=O,17,4,4,0.8318265583494219,0.7540427579715584,0.15556760075314574,0.09038964127335988,-34.86142178571703,-1643.3586888896023,True,0.0,Greedy-Random (k=4),without_single_atom_contributions
0,CC1=C(N)C=NO1,13,2,2,0.8425179333422405,0.6850358666803315,0.3149641333072197,0.0,8.03289248474122,-1269.610227825433,True,2.211353933533149e-16,Greedy-Distance (k=2),without_single_atom_contributions
1,CC#CC1CC(C)C1O,21,2,2,0.9076220058399974,0.8152440116745271,0.18475598830906945,0.0,1.5235452888552419,-2021.1027209978224,True,2.040388619548127e-15,Greedy-Distance (k=2),without_single_atom_contributions
2,C1OC11C2C3CN2C13,15,2,2,0.976929377140776,0.9538587542811867,0.046141245717718084,0.0,82.88587696587113,-1515.21985553297,True,8.5725428959606e-16,Greedy-Distance (k=2),without_single_atom_contributions
3,C1NC2C3COCC12O3,18,2,2,0.969710343195715,0.9394206863908051,0.06057931360732016,0.0,36.63757831488394,-1746.5867215199432,True,3.878764746137734e-16,Greedy-Distance (k=2),without_single_atom_contributions
4,O=C1CC2(CC1O2)C#C,15,2,2,0.9999070168070209,0.9998140336069382,0.00018596637175154735,0.0,4.312537059739271,-1589.5415163929686,True,2.0595264629058696e-16,Greedy-Distance (k=2),without_single_atom_contributions
5,CC1N2CC2(C#C)C1=O,16,2,2,0.9613224800853413,0.9226449601691984,0.07735503982634949,0.0,18.986259179603863,-1657.6014506101653,True,1.3098417922256238e-15,Greedy-Distance (k=2),without_single_atom_contributions
6,O=CC1OCC11CCO1,17,2,2,0.973521825169774,0.9470436503385999,0.05295634965855574,0.0,24.757996713375118,-1678.5267873027476,True,4.3049286902120643e-16,Greedy-Distance (k=2),without_single_atom_contributions
7,CC12COCC1(C)C2O,21,2,2,0.9635071829176146,0.9270143658309965,0.07298563415630556,0.0,-0.9582831744772141,-1979.9513730289436,True,4.750072339495479e-15,Greedy-Distance (k=2),without_single_atom_contributions
8,CNC(=O)CC1CN1,18,2,2,0.9672221940081762,0.9344443880156171,0.06555561198217673,0.0,2.6366930561521884,-1672.265060659945,True,3.3685317204217448e-15,Greedy-Distance (k=2),without_single_atom_contributions
9,CC12C3C(CN13)OC2=O,16,2,2,0.8592941878188723,0.7185883756290907,0.28141162434494704,0.0,-1.6838901683310934,-1616.450102641286,True,9.494212778436605e-15,Greedy-Distance (k=2),without_single_atom_contributions
10,COC12C(C)C1CC2C,23,2,2,0.9662769411412847,0.9325538822802488,0.06744611771278942,0.0,9.008961511740576,-2151.239339876484,True,3.943532974506696e-15,Greedy-Distance (k=2),without_single_atom_contributions
11,CC1C2CC2(C)C1=NO,20,2,2,0.9984627688644842,0.9969255377279812,0.0030744622690570813,0.0,33.38591039790339,-1917.874688367481,True,2.1282712596107412e-16,Greedy-Distance (k=2),without_single_atom_contributions
12,NC(C#C)(C#N)C1CO1,15,2,2,0.9514208170305256,0.9028416340600192,0.09715836593688426,0.0,32.29489123173883,-1554.3734179798228,True,2.2001707039644447e-16,Greedy-Distance (k=2),without_single_atom_contributions
13,CCCC1=NC=NN=N1,17,2,2,0.9867729716625472,0.9735459433238227,0.026454056672361937,0.0,15.807805114993277,-1649.3419384453355,True,2.2474427366316485e-16,Greedy-Distance (k=2),without_single_atom_contributions
14,O=CC1=CC(=O)C(=O)C1,13,2,2,0.9997279107949852,0.9994558215893097,0.000544178408708326,0.0,-50.45568278163597,-1418.2535495454308,True,2.8165023108846067e-16,Greedy-Distance (k=2),without_single_atom_contributions
15,OC12C=CC3OC1C2O3,15,2,2,0.990905550446573,0.9818111008923518,0.018188899105265395,0.0,8.686721758681735,-1548.3901684240898,True,6.134731451267439e-16,Greedy-Distance (k=2),without_single_atom_contributions
16,CCC(COC=N)=NO,19,2,2,0.9829690319774903,0.9659380639540545,0.03406193604316662,0.0,35.985776923989086,-1773.4953077682608,True,1.9745099216809149e-16,Greedy-Distance (k=2),without_single_atom_contributions
17,N#CC12OCC(O1)C=C2,14,2,2,0.9848250991872655,0.9696501983729654,0.030349801622337573,0.0,-14.397062486315564,-1486.313483762627,True,9.870662663727925e-16,Greedy-Distance (k=2),without_single_atom_contributions
18,NC(=O)C(=O)C(O)CO,16,2,2,0.9187550249626892,0.837510049923958,0.1624899500717806,0.0,-9.421013178792297,-1534.1474067035278,True,9.427631644652422e-16,Greedy-Distance (k=2),without_single_atom_contributions
19,CC1=NCC(O1)C(N)=O,17,2,2,0.9618766351566084,0.9237532703122607,0.07624672968487074,0.0,-34.86142178571703,-1643.3586888896023,True,6.114576222325875e-16,Greedy-Distance (k=2),without_single_atom_contributions
0,CC1=C(N)C=NO1,13,3,3,0.9185999689109328,0.8484567888374155,0.14028636014112233,0.011256851017028046,8.03289248474122,-1269.610227825433,True,0.0,Greedy-Distance (k=3),without_single_atom_contributions
1,CC#CC1CC(C)C1O,21,3,3,0.8863913962095671,0.7727827924171591,0.22721720757691594,0.0,1.5235452888552419,-2021.1027209978224,True,1.0201943097740635e-14,Greedy-Distance (k=3),without_single_atom_contributions
2,C1OC11C2C3CN2C13,15,3,3,0.9890738115700284,0.9787135313552668,0.020720560428154646,0.0005659082155521486,82.88587696587113,-1515.21985553297,True,0.0,Greedy-Distance (k=3),without_single_atom_contributions
3,C1NC2C3COCC12O3,18,3,3,0.9421165104750969,0.9031655000958623,0.0779020207561759,0.018932479146241712,36.63757831488394,-1746.5867215199432,True,9.696911865344334e-16,Greedy-Distance (k=3),without_single_atom_contributions
4,O=C1CC2(CC1O2)C#C,15,3,3,0.8897047787886977,0.7963204629147767,0.18676863174530478,0.01691090533801546,4.312537059739271,-1589.5415163929686,True,1.8535738166152826e-15,Greedy-Distance (k=3),without_single_atom_contributions
5,CC1N2CC2(C#C)C1=O,16,3,3,0.8957802423774693,0.7942464346744382,0.20306761540309323,0.002685949920241906,18.986259179603863,-1657.6014506101653,True,0.0,Greedy-Distance (k=3),without_single_atom_contributions
6,O=CC1OCC11CCO1,17,3,3,0.9274819659059826,0.8815355712322812,0.09189278934450897,0.02657163942103946,24.757996713375118,-1678.5267873027476,True,1.4349762300706882e-16,Greedy-Distance (k=3),without_single_atom_contributions
7,CC12COCC1(C)C2O,21,3,3,0.858290355337146,0.7678222948923928,0.18093612088476996,0.05124158421928506,-0.9582831744772141,-1979.9513730289436,True,2.2012530353759536e-15,Greedy-Distance (k=3),without_single_atom_contributions
8,CNC(=O)CC1CN1,18,3,3,0.9553464810838236,0.911680538680934,0.08733188480298533,0.0009875765139852777,2.6366930561521884,-1672.265060659945,True,3.368531720421745e-16,Greedy-Distance (k=3),without_single_atom_contributions
9,CC12C3C(CN13)OC2=O,16,3,3,0.7514039022916803,0.6148869938267153,0.2730338169180637,0.11207918924632115,-1.6838901683310934,-1616.450102641286,True,6.856931451093104e-15,Greedy-Distance (k=3),without_single_atom_contributions
10,COC12C(C)C1CC2C,23,3,3,0.8409550796825789,0.6900719147475037,0.3017663298648272,0.008161755383676713,9.008961511740576,-2151.239339876484,True,1.971766487253348e-16,Greedy-Distance (k=3),without_single_atom_contributions
11,CC1C2CC2(C)C1=NO,20,3,3,0.8409547334433077,0.6857919451913335,0.3103255765013064,0.0038824783053785176,33.38591039790339,-1917.874688367481,True,4.2565425192214824e-16,Greedy-Distance (k=3),without_single_atom_contributions
12,NC(C#C)(C#N)C1CO1,15,3,3,0.9241894102352072,0.8608251243223276,0.12672857182267686,0.01244630385268379,32.29489123173883,-1554.3734179798228,True,1.5401194927751113e-15,Greedy-Distance (k=3),without_single_atom_contributions
13,CCCC1=NC=NN=N1,17,3,3,0.8422523895627769,0.7446429141169837,0.19521895088838523,0.06013813499223024,15.807805114993277,-1649.3419384453355,True,1.1237213683158244e-15,Greedy-Distance (k=3),without_single_atom_contributions
14,O=CC1=CC(=O)C(=O)C1,13,3,3,0.8296530894779304,0.7450241463009232,0.16925788635209602,0.08571796734554206,-50.45568278163597,-1418.2535495454308,True,1.1266009243538427e-15,Greedy-Distance (k=3),without_single_atom_contributions
15,OC12C=CC3OC1C2O3,15,3,3,0.7692459764754597,0.5528419684592409,0.43280801603037455,0.01435001550883734,8.686721758681735,-1548.3901684240898,True,2.4538925805069757e-15,Greedy-Distance (k=3),without_single_atom_contributions
16,CCC(COC=N)=NO,19,3,3,0.9052192879894863,0.8953990488304931,0.01964047831442636,0.08496047285241068,35.985776923989086,-1773.4953077682608,True,0.0,Greedy-Distance (k=3),without_single_atom_contributions
17,N#CC12OCC(O1)C=C2,14,3,3,0.7825482652229586,0.7073773131242383,0.15034190419151938,0.14228078267980132,-14.397062486315564,-1486.313483762627,True,8.636829830761935e-16,Greedy-Distance (k=3),without_single_atom_contributions
18,NC(=O)C(=O)C(O)CO,16,3,3,0.930762288333849,0.8794451313631019,0.10263431393885089,0.017920554696064673,-9.421013178792297,-1534.1474067035278,True,1.5084210631443875e-15,Greedy-Distance (k=3),without_single_atom_contributions
19,CC1=NCC(O1)C(N)=O,17,3,3,0.9241035978253999,0.8702872956193497,0.10763260440875781,0.022080099969385703,-34.86142178571703,-1643.3586888896023,True,1.0190960370543126e-15,Greedy-Distance (k=3),without_single_atom_contributions
0,CC1=C(N)C=NO1,13,4,4,0.8312741872677171,0.756345960619541,0.14985645329434066,0.09379758608460959,8.03289248474122,-1269.610227825433,True,6.634061800599447e-16,Greedy-Distance (k=4),without_single_atom_contributions
1,CC#CC1CC(C)C1O,21,4,4,0.8493864605734073,0.7446102970346296,0.20955232707319765,0.04583737588890464,1.5235452888552419,-2021.1027209978224,True,3.2063249735756283e-15,Greedy-Distance (k=4),without_single_atom_contributions
2,C1OC11C2C3CN2C13,15,4,4,0.959414910652557,0.9356923843997564,0.04744505250426216,0.016862563094977148,82.88587696587113,-1515.21985553297,True,1.71450857919212e-16,Greedy-Distance (k=4),without_single_atom_contributions
3,C1NC2C3COCC12O3,18,4,4,0.8613099059888899,0.7496644407940651,0.22329093038773754,0.027044628816763342,36.63757831488394,-1746.5867215199432,True,7.757529492275468e-16,Greedy-Distance (k=4),without_single_atom_contributions
4,O=C1CC2(CC1O2)C#C,15,4,4,0.7574540218128708,0.6133460427274328,0.28821595816934753,0.09843799910207318,4.312537059739271,-1589.5415163929686,True,2.2654791091964565e-15,Greedy-Distance (k=4),without_single_atom_contributions
5,CC1N2CC2(C#C)C1=O,16,4,4,0.6978283860805932,0.6119224570300212,0.17181185809870742,0.216265684869444,18.986259179603863,-1657.6014506101653,True,1.8712025603223196e-16,Greedy-Distance (k=4),without_single_atom_contributions
6,O=CC1OCC11CCO1,17,4,4,0.7097870277982028,0.46571797034635437,0.4881381149012504,0.04614391475056035,24.757996713375118,-1678.5267873027476,True,4.3049286902120643e-16,Greedy-Distance (k=4),without_single_atom_contributions
7,CC12COCC1(C)C2O,21,4,4,0.716151448501742,0.6098461900861638,0.21261051682686435,0.17754329308375288,-0.9582831744772141,-1979.9513730289436,True,7.994024181102146e-15,Greedy-Distance (k=4),without_single_atom_contributions
8,CNC(=O)CC1CN1,18,4,4,0.8630041338191315,0.7870593041934077,0.1518896592493473,0.06105103655566969,2.6366930561521884,-1672.265060659945,True,6.0633570967591406e-15,Greedy-Distance (k=4),without_single_atom_contributions
9,CC12C3C(CN13)OC2=O,16,4,4,0.8910406545505872,0.8519756126925124,0.07813008371337987,0.06989430359203053,-1.6838901683310934,-1616.450102641286,True,7.384387716561805e-15,Greedy-Distance (k=4),without_single_atom_contributions
10,COC12C(C)C1CC2C,23,4,4,0.8601728844698308,0.7687856475721484,0.1827744737924245,0.048439878633221856,9.008961511740576,-2151.239339876484,True,3.154826379605357e-15,Greedy-Distance (k=4),without_single_atom_contributions
11,CC1C2CC2(C)C1=NO,20,4,4,0.8045122682257304,0.6868029204263784,0.23541869559687117,0.07777838397537591,33.38591039790339,-1917.874688367481,True,4.2565425192214824e-16,Greedy-Distance (k=4),without_single_atom_contributions
12,NC(C#C)(C#N)C1CO1,15,4,4,0.8999772918888441,0.8400273751168081,0.11989983354116765,0.04007279133984586,32.29489123173883,-1554.3734179798228,True,0.0,Greedy-Distance (k=4),without_single_atom_contributions
13,CCCC1=NC=NN=N1,17,4,4,0.7462503456240256,0.5999248486259573,0.2926509939941366,0.10742415737840619,15.807805114993277,-1649.3419384453355,True,3.371164104947473e-16,Greedy-Distance (k=4),without_single_atom_contributions
14,O=CC1=CC(=O)C(=O)C1,13,4,4,0.805996382616049,0.6880736900321914,0.23584538516510037,0.07608092480074706,-50.45568278163597,-1418.2535495454308,True,2.8165023108846067e-16,Greedy-Distance (k=4),without_single_atom_contributions
15,OC12C=CC3OC1C2O3,15,4,4,0.7342912927512977,0.5874879438634217,0.29360669777393883,0.11890535836127958,8.686721758681735,-1548.3901684240898,True,2.044910483755813e-16,Greedy-Distance (k=4),without_single_atom_contributions
16,CCC(COC=N)=NO,19,4,4,0.850299645401881,0.78108051737805,0.1384382560449597,0.08048122657496348,35.985776923989086,-1773.4953077682608,True,3.9490198433618297e-16,Greedy-Distance (k=4),without_single_atom_contributions
17,N#CC12OCC(O1)C=C2,14,4,4,0.6995635997688004,0.5619776542365558,0.27517189106242484,0.16285045469947088,-14.397062486315564,-1486.313483762627,True,2.467665665931981e-16,Greedy-Distance (k=4),without_single_atom_contributions
18,NC(=O)C(=O)C(O)CO,16,4,4,0.8573119581994076,0.7731895734098322,0.16824476957661524,0.058565657011650674,-9.421013178792297,-1534.1474067035278,True,1.1313157973582906e-15,Greedy-Distance (k=4),without_single_atom_contributions
19,CC1=NCC(O1)C(N)=O,17,4,4,0.8163110547752104,0.7285317104490063,0.1755586886497009,0.09590960089926232,-34.86142178571703,-1643.3586888896023,True,4.07638414821725e-16,Greedy-Distance (k=4),without_single_atom_contributions
